241032,West Queen Anne
953595,West Queen Anne
3308979,West Queen Anne
7421966,West Queen Anne
278830,West Queen Anne
5956968,West Queen Anne
1909058,West Queen Anne
856550,West Queen Anne
4948745,West Queen Anne
2493658,West Queen Anne
175576,West Queen Anne
4454295,West Queen Anne
3883392,West Queen Anne
8889257,West Queen Anne
5680462,West Queen Anne
8988178,West Queen Anne
3245876,West Queen Anne
4933447,West Queen Anne
7735464,West Queen Anne
6291829,West Queen Anne
9218403,West Queen Anne
4125779,West Queen Anne
8942678,West Queen Anne
10106055,West Queen Anne
6362362,West Queen Anne
3544550,West Queen Anne
9025039,West Queen Anne
3200646,West Queen Anne
8859380,West Queen Anne
4520099,West Queen Anne
2481869,West Queen Anne
1110749,West Queen Anne
5978498,West Queen Anne
5021081,West Queen Anne
1686930,West Queen Anne
7680289,West Queen Anne
7207641,West Queen Anne
5062445,West Queen Anne
8925878,West Queen Anne
6389657,West Queen Anne
4218733,West Queen Anne
2715623,West Queen Anne
1392332,West Queen Anne
7308567,West Queen Anne
6575380,West Queen Anne
6004058,West Queen Anne
9550869,West Queen Anne
8515408,West Queen Anne
5383192,West Queen Anne
1112092,West Queen Anne
7772661,West Queen Anne
9254900,West Queen Anne
7714294,West Queen Anne
10310373,West Queen Anne
9368342,West Queen Anne
6361863,West Queen Anne
8105221,West Queen Anne
3269390,West Queen Anne
4566393,West Queen Anne
9282409,West Queen Anne
8095168,West Queen Anne
2746782,West Queen Anne
6424982,West Queen Anne
762029,West Queen Anne
8988281,West Queen Anne
7077910,Adams
3772674,Adams
7021906,Adams
7618605,Adams
10234558,Adams
7021702,Adams
7680439,Adams
4258515,Adams
1148517,Adams
2487892,Adams
3038772,Adams
699460,Adams
4085439,Adams
8053990,Adams
7011773,Adams
2467550,Adams
2686374,Adams
1956274,Adams
8537192,Adams
5919096,Adams
6516529,Adams
3294243,Adams
10210971,Adams
3584790,Adams
1266459,Adams
9098059,Adams
408526,Adams
4118282,Adams
6813483,Adams
6590264,Adams
2650482,Adams
20927,Adams
4395578,Adams
4995903,Adams
5549211,Adams
8240758,Adams
6856295,Adams
6881188,Adams
1579615,Adams
3766866,Adams
2406966,Adams
4872699,Adams
5470629,Adams
2950213,Adams
9015088,Adams
3979496,Adams
7501919,Adams
4732995,Adams
7134759,Adams
4532538,Adams
7534398,Adams
9387189,Adams
6337492,Adams
10231701,Adams
1609922,Adams
4236723,Adams
7843837,Adams
3076065,Adams
6423204,Adams
8338849,Adams
6401209,Adams
20928,Adams
3344977,Adams
7604621,Adams
3303978,Adams
7067082,Adams
3121829,Adams
2539881,Adams
3678718,Adams
4694479,Adams
6646843,West Woodland
1364440,West Woodland
1781873,West Woodland
4138423,West Woodland
5562674,West Woodland
1789341,West Woodland
4672934,West Woodland
4550099,West Woodland
1198799,West Woodland
5308429,West Woodland
2769088,West Woodland
7603135,West Woodland
9374365,West Woodland
6106498,West Woodland
9331449,West Woodland
8799162,West Woodland
4317390,West Woodland
3884851,West Woodland
3155785,West Woodland
9368517,West Woodland
5643240,West Woodland
5042014,West Woodland
7724630,West Woodland
9449437,West Woodland
3053237,West Woodland
8132347,West Woodland
63733,West Woodland
2039149,West Woodland
227636,West Woodland
3689119,West Woodland
1179538,West Woodland
6823781,West Woodland
2284536,West Woodland
5143441,West Woodland
5749958,West Woodland
9116815,West Woodland
7731836,West Woodland
10262971,West Woodland
1407502,West Woodland
8817038,West Woodland
4449303,West Woodland
8255615,West Woodland
4053092,West Woodland
6886633,West Woodland
8820414,West Woodland
3052151,West Woodland
2339333,West Woodland
1618842,West Woodland
888967,West Woodland
380950,West Woodland
8097708,West Woodland
5671843,West Woodland
904057,West Woodland
7161725,West Woodland
9587410,West Woodland
9202380,West Woodland
2238105,West Woodland
9545766,West Woodland
2441908,West Woodland
9367465,West Woodland
3031415,West Woodland
843812,West Woodland
3835995,West Woodland
9732638,West Woodland
3768745,East Queen Anne
3975434,East Queen Anne
5620928,East Queen Anne
7381677,East Queen Anne
5487934,East Queen Anne
9028447,East Queen Anne
757840,East Queen Anne
8848403,East Queen Anne
7430926,East Queen Anne
7021544,East Queen Anne
1323446,East Queen Anne
3925573,East Queen Anne
8723086,East Queen Anne
781474,East Queen Anne
9812439,East Queen Anne
3401644,East Queen Anne
10036903,East Queen Anne
5310193,East Queen Anne
5308875,East Queen Anne
5052459,East Queen Anne
7228499,East Queen Anne
7651653,East Queen Anne
1494986,East Queen Anne
1783382,East Queen Anne
7513198,East Queen Anne
8308316,East Queen Anne
9694921,East Queen Anne
2472850,East Queen Anne
5487522,East Queen Anne
4016650,East Queen Anne
10229434,East Queen Anne
3479241,East Queen Anne
5848400,East Queen Anne
6077760,East Queen Anne
4642956,East Queen Anne
1167507,East Queen Anne
6044106,East Queen Anne
1799255,East Queen Anne
8941768,East Queen Anne
6569950,East Queen Anne
7733192,East Queen Anne
9215782,East Queen Anne
5175631,East Queen Anne
6315614,East Queen Anne
9134193,East Queen Anne
2481189,East Queen Anne
8535897,East Queen Anne
9476826,East Queen Anne
3144311,East Queen Anne
9370007,East Queen Anne
6781308,East Queen Anne
160222,East Queen Anne
4250367,East Queen Anne
8755479,East Queen Anne
8829156,East Queen Anne
5126077,East Queen Anne
6108796,East Queen Anne
2692126,East Queen Anne
6882211,East Queen Anne
9573675,East Queen Anne
3544953,East Queen Anne
2020505,East Queen Anne
5580457,East Queen Anne
1495271,East Queen Anne
8455865,East Queen Anne
9679300,East Queen Anne
6065566,East Queen Anne
4645208,East Queen Anne
6115807,East Queen Anne
7091397,East Queen Anne
6134153,East Queen Anne
7763878,East Queen Anne
8088447,East Queen Anne
3418349,East Queen Anne
9199982,East Queen Anne
6400000,East Queen Anne
6776229,East Queen Anne
7627794,East Queen Anne
8374102,East Queen Anne
6316934,East Queen Anne
1820794,East Queen Anne
314180,Wallingford
8670079,Wallingford
4868135,Wallingford
5336585,Wallingford
1427103,Wallingford
3518808,Wallingford
8995844,Wallingford
356566,Wallingford
6466388,Wallingford
4531944,Wallingford
6686072,Wallingford
4384343,Wallingford
7900056,Wallingford
6378563,Wallingford
5630783,Wallingford
340706,Wallingford
6202214,Wallingford
1030411,Wallingford
7922373,Wallingford
6156470,Wallingford
2994309,Wallingford
1594328,Wallingford
8072920,Wallingford
6915487,Wallingford
6202603,Wallingford
5286781,Wallingford
2818420,Wallingford
3739681,Wallingford
7922063,Wallingford
611509,Wallingford
1802663,Wallingford
9797545,Wallingford
9241055,Wallingford
9294832,Wallingford
8643209,Wallingford
7258811,Wallingford
10265391,Wallingford
132120,Wallingford
6343866,Wallingford
3066740,Wallingford
4130112,Wallingford
4026757,Wallingford
9545281,Wallingford
3294804,Wallingford
4122325,Wallingford
8308353,Wallingford
7226013,Wallingford
5761290,Wallingford
182716,Wallingford
3050140,Wallingford
3254956,Wallingford
1264287,Wallingford
3404557,Wallingford
3939683,Wallingford
3424242,Wallingford
7985714,Wallingford
4279876,Wallingford
3870253,Wallingford
2187563,Wallingford
3889299,Wallingford
3889330,Wallingford
1184846,Wallingford
3626162,Wallingford
456040,Wallingford
9033154,Wallingford
4340838,Wallingford
808811,Wallingford
7368030,Wallingford
522287,Wallingford
1940787,Wallingford
3732103,Wallingford
43373,Wallingford
5126365,Wallingford
7182584,Wallingford
5325214,Wallingford
2710274,Wallingford
5128160,Wallingford
3424114,Wallingford
2776890,Wallingford
4521755,Wallingford
3456599,Wallingford
8207848,Wallingford
10249527,Wallingford
1252740,Wallingford
4250938,Wallingford
3791920,Wallingford
4258762,Wallingford
7364146,Wallingford
6765045,Wallingford
3193738,Wallingford
8765219,Wallingford
8174285,Wallingford
3403638,Wallingford
7601333,Wallingford
6707735,Wallingford
7322718,Wallingford
3783162,Wallingford
6606,Wallingford
3889280,Wallingford
3971137,Wallingford
3889050,Wallingford
799882,Wallingford
9508386,Wallingford
6714817,Wallingford
3773700,Wallingford
3773568,Wallingford
9313974,Wallingford
6492880,Wallingford
4879013,Wallingford
3732094,Wallingford
873073,Wallingford
234898,Wallingford
8533375,Wallingford
6854019,Wallingford
8418650,Wallingford
3732076,Wallingford
4608592,Wallingford
4862719,Wallingford
668169,Wallingford
429453,Wallingford
10124808,Wallingford
7459684,Wallingford
5992645,Wallingford
7917718,Wallingford
2986056,Wallingford
2011193,Wallingford
3768626,Wallingford
2026794,Wallingford
9154294,Wallingford
430610,Wallingford
3231850,Wallingford
2976798,Wallingford
703058,Wallingford
7826541,Wallingford
240920,Wallingford
6655233,Wallingford
9866461,Wallingford
7957729,Wallingford
1428687,Wallingford
4803403,Wallingford
11012,Wallingford
3888924,Wallingford
8842808,Wallingford
1114695,Wallingford
1715582,Wallingford
6704734,Wallingford
8555098,Wallingford
1214316,Wallingford
7325455,Wallingford
6325685,Wallingford
9596,Wallingford
9568491,Wallingford
1747184,Wallingford
8653843,Wallingford
6727729,Wallingford
3888986,Wallingford
4135710,Wallingford
3652434,Wallingford
7667990,Wallingford
4047058,Wallingford
7163934,Wallingford
7717478,Wallingford
4653552,Wallingford
6915439,Wallingford
506542,Wallingford
4046863,Wallingford
3915826,Wallingford
4787415,North Queen Anne
1602488,North Queen Anne
8459215,North Queen Anne
10274175,North Queen Anne
9167786,North Queen Anne
5686435,North Queen Anne
7939058,North Queen Anne
8392801,North Queen Anne
7404370,North Queen Anne
3720511,North Queen Anne
8193332,North Queen Anne
7957904,North Queen Anne
4555997,North Queen Anne
2267088,North Queen Anne
108468,North Queen Anne
6400379,North Queen Anne
5948003,North Queen Anne
5058086,North Queen Anne
1209255,North Queen Anne
1914051,North Queen Anne
2923529,North Queen Anne
1027860,North Queen Anne
2373176,North Queen Anne
6404427,North Queen Anne
8517602,North Queen Anne
7035240,North Queen Anne
4583161,North Queen Anne
7967844,North Queen Anne
6562393,North Queen Anne
7807087,North Queen Anne
5405643,North Queen Anne
7011200,North Queen Anne
610989,North Queen Anne
7839535,North Queen Anne
4814894,North Queen Anne
186328,North Queen Anne
7492877,North Queen Anne
6576228,North Queen Anne
241016,North Queen Anne
6968101,North Queen Anne
5648564,North Queen Anne
4116645,North Queen Anne
2419879,North Queen Anne
6425735,North Queen Anne
8105351,North Queen Anne
9136499,North Queen Anne
3639023,North Queen Anne
6724599,North Queen Anne
4211629,North Queen Anne
7151924,North Queen Anne
704764,North Queen Anne
1796217,North Queen Anne
4661812,North Queen Anne
8811945,North Queen Anne
1090307,Green Lake
15108,Green Lake
1882316,Green Lake
1095207,Green Lake
1343805,Green Lake
9217150,Green Lake
103920,Green Lake
2215336,Green Lake
1483944,Green Lake
6466129,Green Lake
8536441,Green Lake
6262987,Green Lake
8379081,Green Lake
8365938,Green Lake
9921445,Green Lake
132160,Green Lake
2033191,Green Lake
8849407,Green Lake
9922335,Green Lake
7243974,Green Lake
6490453,Green Lake
4025593,Green Lake
8556103,Green Lake
955506,Green Lake
9868607,Green Lake
8668073,Green Lake
790860,Green Lake
261912,Green Lake
368403,Green Lake
9878971,Green Lake
5602370,Green Lake
9395217,Green Lake
7331079,Green Lake
580182,Green Lake
8152191,Green Lake
103908,Green Lake
783061,Green Lake
7901725,Green Lake
4968752,Green Lake
14386,Green Lake
7517215,Green Lake
1602421,Green Lake
3821822,Green Lake
6073437,Green Lake
7917700,Green Lake
6278181,Green Lake
4279578,Green Lake
9907337,Green Lake
1796861,Green Lake
4211836,Green Lake
4025954,Green Lake
6154478,Green Lake
84030,Green Lake
4235559,Green Lake
830948,Westlake
3468261,Westlake
10026648,Westlake
9117633,Westlake
9158383,Westlake
1145590,Westlake
5020848,Westlake
9600159,Westlake
3522409,Westlake
9492873,Westlake
5534463,Westlake
9409233,Westlake
9531265,Westlake
5364609,Westlake
6629132,Westlake
5489676,Westlake
9347157,Westlake
10035644,Mann
8293287,Mann
910784,Mann
7071222,Mann
8687716,Mann
7430679,Mann
180939,Mann
6884604,Mann
7397476,Mann
1063855,Mann
8865006,Mann
8069192,Mann
2800448,Mann
9076287,Mann
7462439,Mann
8225635,Mann
2966415,Mann
4639465,Mann
7402190,Mann
9448719,Mann
5670781,Mann
1905473,Mann
7266662,Mann
9095510,Mann
7401854,Mann
5174876,Mann
1256883,Mann
8072850,Mann
6706377,Mann
9738522,Mann
2995996,Mann
6674408,Mann
6801095,Mann
143704,Mann
9258305,Mann
3727017,Mann
789966,Mann
6864319,Mann
1539463,Mann
9591787,Mann
10279830,Mann
1956553,Mann
7396508,Mann
6272065,Mann
7072218,Mann
7075948,Mann
7543458,Mann
3769336,Mann
8666707,Mann
7205443,Mann
193371,Mann
9957555,Mann
6795678,Mann
9300972,Mann
8047522,Mann
9457328,Mann
6576006,Mann
7971334,Mann
1984962,Mann
9292039,Mann
6661617,Mann
8848854,Mann
3251069,Mann
4111137,Mann
4760472,Mann
8968925,Mann
3293438,Mann
9210978,Madrona
3319386,Madrona
7717813,Madrona
5578943,Madrona
7660932,Madrona
4271221,Madrona
6358605,Madrona
1439237,Madrona
7775167,Madrona
7437784,Madrona
9628972,Madrona
8425013,Madrona
6925807,Madrona
7400955,Madrona
8174389,Madrona
6292452,Madrona
9095668,Madrona
413733,Madrona
8783900,Madrona
639130,Madrona
2484067,Madrona
3533112,Madrona
2249292,Madrona
7838294,Madrona
6133354,Madrona
7987836,Madrona
9910025,Madrona
7364024,Madrona
9362082,Madrona
8847108,Madrona
7462428,Madrona
4370312,Madrona
4053972,Madrona
6209191,Madrona
10123910,Madrona
6412858,Madrona
3987838,Madrona
7027507,Madrona
6587443,Madrona
10204689,Madrona
1029680,Madrona
7208439,Madrona
8327765,Madrona
3953611,Madrona
2584354,Madrona
4574700,Madrona
5685646,Madrona
977722,University District
2931922,University District
8253955,University District
6426462,University District
8154238,University District
5020861,University District
9611409,University District
9282348,University District
8939306,University District
5423692,University District
9159975,University District
7561272,University District
7326419,University District
9373607,University District
6717555,University District
8939433,University District
8939503,University District
8742753,University District
8939687,University District
3793406,University District
9134196,University District
6007267,University District
3422894,University District
3630581,University District
9394508,University District
7348578,University District
8869680,University District
7678429,University District
2979387,University District
1531458,University District
1549973,University District
1123977,University District
5719631,University District
9580209,University District
9364220,University District
9663221,University District
9636952,University District
8594059,University District
6278756,University District
3679617,University District
9416551,University District
8322107,University District
9511676,University District
3158243,University District
8327124,University District
4311078,University District
3329962,University District
3263071,University District
7302675,University District
6250399,University District
7387294,University District
7363462,University District
6796336,University District
8156894,University District
1150519,University District
5969872,University District
9617068,University District
4438188,University District
1521633,University District
6623079,University District
7561254,University District
3494608,University District
3085726,University District
2256124,University District
7071021,University District
9465815,University District
6938103,University District
6913414,University District
3706719,University District
8174626,University District
1571230,University District
4270642,University District
5407311,University District
9976135,University District
9558353,University District
7247767,University District
7035077,University District
7353834,University District
9319891,University District
6575407,University District
7550234,University District
8939736,University District
7247720,University District
1786923,University District
7649837,University District
3610724,University District
7988337,University District
1773803,University District
7536074,University District
3770248,University District
9097754,University District
3291295,University District
8171726,University District
10031055,University District
8939595,University District
8155580,University District
6705584,University District
1417880,University District
7245692,University District
7153101,University District
9014572,University District
585418,University District
4484426,University District
3291777,University District
3096191,University District
9865846,University District
6249536,University District
5744931,University District
8156764,University District
3303857,University District
8155710,University District
3843706,University District
8156860,University District
9316399,University District
293890,University District
7915432,University District
7501583,University District
10126050,University District
7807658,University District
1589461,University District
9303530,University District
7809718,University District
140331,Harrison/Denny-Blaine
9462315,Harrison/Denny-Blaine
565703,Harrison/Denny-Blaine
1147349,Harrison/Denny-Blaine
7262358,Harrison/Denny-Blaine
723723,Harrison/Denny-Blaine
4757025,Harrison/Denny-Blaine
3334052,Harrison/Denny-Blaine
7036707,Harrison/Denny-Blaine
5272327,Harrison/Denny-Blaine
3921664,Harrison/Denny-Blaine
9974658,Harrison/Denny-Blaine
2727984,Harrison/Denny-Blaine
794633,Harrison/Denny-Blaine
3959442,Minor
6761267,Minor
6824408,Minor
2526129,Minor
7859906,Minor
9636248,Minor
4623541,Minor
1970725,Minor
4418480,Minor
911001,Minor
6670332,Minor
1249060,Minor
1566487,Minor
9711153,Minor
444221,Minor
1018204,Minor
4856986,Minor
2130652,Minor
5524530,Minor
9216874,Minor
7971395,Minor
2593263,Minor
443580,Minor
1614502,Minor
4477426,Minor
7648716,Minor
9696912,Minor
3585592,Minor
3757858,Minor
7219838,Minor
6022715,Minor
7685745,Minor
4565370,Minor
4783817,Minor
2593176,Minor
3143227,Minor
1214306,Minor
9448215,Minor
9369481,Minor
3533224,Minor
443736,Minor
6675927,Minor
1772119,Minor
7808495,Minor
4539948,Minor
7768727,Minor
769213,Minor
5328449,Minor
1763809,Minor
1499596,Minor
4737727,Minor
8242212,Minor
8186781,Minor
7229015,Minor
5814207,Minor
2274086,Minor
4387985,Minor
9909445,Minor
7664899,Minor
4773614,Minor
3946674,Minor
8616488,Minor
7518316,Minor
5259194,Minor
9256702,Minor
9240289,Minor
2032805,Minor
3751503,Minor
7581974,Minor
6558980,Minor
2399736,Minor
8674765,Minor
6004165,Minor
1826155,Minor
4857192,Minor
7748905,Minor
973859,Minor
6716380,Minor
7953211,Minor
5241773,Minor
3144597,Minor
7698916,Minor
7305969,Minor
5069495,Minor
1817878,Minor
4430381,Minor
6528192,Minor
3177005,Minor
4430233,Minor
670009,Minor
4577542,Minor
6764646,Minor
4256705,Minor
8812578,Minor
341454,Minor
8195629,Minor
2577625,Minor
555858,Minor
4814811,Minor
9484823,Minor
660603,Minor
3940265,Minor
7500976,Minor
9516608,Minor
9712716,Minor
5813657,Minor
8884826,Minor
1978743,Minor
6091789,Minor
6165353,Minor
1244053,Minor
8508223,Minor
6991188,Minor
7344117,Minor
9506766,Minor
6451305,Minor
7531405,Minor
9612147,Minor
666897,Minor
4061051,Minor
3394338,Minor
4238106,Minor
7350059,Minor
5262750,Minor
2802844,Minor
3123632,Minor
3024336,Minor
8652185,Minor
10192213,Minor
3970736,Minor
4546924,Minor
2760901,Minor
3490239,Minor
3416217,Minor
5537833,Minor
8372562,Leschi
8866960,Leschi
3354614,Leschi
8953857,Leschi
7093738,Leschi
5277900,Leschi
1171574,Leschi
1818754,Leschi
74328,Leschi
6728017,Leschi
2612399,Leschi
2515795,Leschi
7093910,Leschi
4170863,Leschi
7941079,Leschi
1442973,Leschi
4396961,Leschi
5859152,Leschi
8555794,Leschi
2112625,Leschi
8814802,Leschi
8273948,Leschi
319768,Leschi
1961671,Leschi
3691288,Leschi
8703557,Leschi
8525338,Leschi
8049470,Leschi
1455908,Leschi
8525825,Leschi
3463245,Leschi
4172364,Leschi
3728802,Leschi
6512378,Leschi
785830,Leschi
8616606,Leschi
5078244,Leschi
7921278,Leschi
8016610,Leschi
4468524,Leschi
8424532,Leschi
6990882,Leschi
4017140,Leschi
9489310,Leschi
8104742,Leschi
9407255,Leschi
6475289,Leschi
1377812,Leschi
9512909,Leschi
4432489,Leschi
7471629,Leschi
8067827,Leschi
4384095,Leschi
1351716,Atlantic
8392661,Atlantic
281208,Atlantic
7859909,Atlantic
9416373,Atlantic
1404307,Atlantic
7480843,Atlantic
877203,Atlantic
7037291,Atlantic
7931386,Atlantic
8173825,Atlantic
6759104,Atlantic
7619060,Atlantic
7095802,Atlantic
8103432,Atlantic
3998922,Atlantic
8922153,Atlantic
5932882,Atlantic
6187340,Atlantic
8350401,Atlantic
1273432,Atlantic
2830174,Atlantic
9370866,Atlantic
8339303,Atlantic
8107555,Atlantic
3946160,Atlantic
4061207,Atlantic
113951,Atlantic
5102135,Atlantic
5060388,Atlantic
286712,Atlantic
5463875,Atlantic
4316910,Atlantic
7093986,Atlantic
4777832,Atlantic
7429207,Atlantic
7664565,Atlantic
5792683,Atlantic
1856970,Atlantic
4084712,Atlantic
6411986,Atlantic
9258687,Atlantic
9426058,Atlantic
9736801,Atlantic
4297068,Atlantic
8221520,Atlantic
2387605,Atlantic
8389809,Atlantic
7048843,Atlantic
879181,Atlantic
6423488,Atlantic
7241905,Atlantic
1246809,Atlantic
10273158,Pike-Market
5615620,Pike-Market
936484,Pike-Market
5415077,Pike-Market
938785,Pike-Market
934216,Pike-Market
6119821,Pike-Market
3385421,Pike-Market
5981343,Pike-Market
9706229,Pike-Market
8212989,Pike-Market
9444769,Pike-Market
5422159,Pike-Market
9532861,Pike-Market
3380159,Pike-Market
9294683,Pike-Market
8253456,Pike-Market
944237,Pike-Market
4165387,Pike-Market
9866984,Pike-Market
7179337,Pike-Market
9768655,Pike-Market
8015531,Pike-Market
991961,Pike-Market
4597584,Pike-Market
8035212,Pike-Market
8053396,Pike-Market
9634448,Pike-Market
2516391,Eastlake
7581631,Eastlake
7067650,Eastlake
706385,Eastlake
6005443,Eastlake
6883913,Eastlake
6523393,Eastlake
7922676,Eastlake
6766513,Eastlake
682135,Eastlake
4678866,Eastlake
708774,Eastlake
3158210,Eastlake
1494828,Eastlake
7291403,Eastlake
7075357,Eastlake
8000037,Eastlake
1652097,Eastlake
4660460,Eastlake
1944596,Eastlake
5593504,Eastlake
7999692,Eastlake
619366,Eastlake
7999972,Eastlake
3379116,Eastlake
10272763,Eastlake
10077121,Eastlake
7536219,Eastlake
4688603,Eastlake
7936877,Eastlake
3627658,Eastlake
6363779,Eastlake
2693137,Eastlake
7697340,Eastlake
5707514,Eastlake
7844444,Eastlake
7481498,Eastlake
535300,Eastlake
68508,Eastlake
8294379,Eastlake
9137487,Eastlake
4481979,Eastlake
5353512,Eastlake
244499,Eastlake
3316219,Eastlake
6613601,South Lake Union
7833113,South Lake Union
7439802,South Lake Union
10135378,South Lake Union
9330174,South Lake Union
9597415,South Lake Union
8831088,South Lake Union
7401671,South Lake Union
5330475,South Lake Union
8067001,South Lake Union
8829089,South Lake Union
8814555,South Lake Union
6852288,South Lake Union
6913706,South Lake Union
2387265,South Lake Union
48319,South Lake Union
9885225,South Lake Union
8083242,South Lake Union
8704964,South Lake Union
6990477,South Lake Union
117862,South Lake Union
7777219,South Lake Union
7203765,South Lake Union
7840228,South Lake Union
7438635,South Lake Union
9389755,South Lake Union
9151865,South Lake Union
7204672,Lawton Park
5579427,Lawton Park
6734621,Lawton Park
2263643,Lawton Park
4608208,Lawton Park
9999955,Lawton Park
3528627,Lawton Park
8048333,Lawton Park
8050642,Lawton Park
7329805,Lawton Park
6848455,Lawton Park
9695233,Lawton Park
5164581,Lawton Park
2208757,Lawton Park
226536,Lawton Park
176678,Lawton Park
7050534,Lawton Park
8248970,Lawton Park
4824699,Lawton Park
3876097,Lawton Park
1260259,Lawton Park
8443952,Lawton Park
10068879,Lawton Park
8173487,Lawton Park
685600,Lawton Park
8483477,Lawton Park
10136155,Lawton Park
6959336,Lawton Park
5195064,Lawton Park
9961538,Lawton Park
8301680,Briarcliff
492287,Briarcliff
8029177,Briarcliff
7343707,Briarcliff
8882345,Briarcliff
7676574,Briarcliff
3354761,Briarcliff
3561237,Briarcliff
1831338,Briarcliff
1840671,Briarcliff
5559643,Briarcliff
8327083,Briarcliff
8087037,Briarcliff
1696015,Briarcliff
6855839,Belltown
3345341,Belltown
4410493,Belltown
19619,Belltown
7597244,Belltown
5736082,Belltown
3697351,Belltown
6958436,Belltown
9652574,Belltown
7109376,Belltown
3534364,Belltown
6671901,Belltown
6370313,Belltown
9863484,Belltown
7249631,Belltown
9183838,Belltown
6222245,Belltown
10292753,Belltown
7760836,Belltown
7324993,Belltown
5760902,Belltown
7035498,Belltown
8956631,Belltown
6766708,Belltown
6992696,Belltown
4264043,Belltown
6186081,Belltown
1472532,Belltown
5900224,Belltown
9374358,Belltown
5874421,Belltown
8829474,Belltown
6228474,Belltown
4637670,Belltown
3995007,Belltown
19611,Belltown
10076279,Belltown
1200829,Belltown
3673759,Belltown
206781,Belltown
988176,Belltown
3686556,Belltown
2881446,Belltown
9318853,Belltown
6328150,Belltown
2154617,Belltown
6658052,Belltown
6187841,Belltown
9371895,Belltown
4318031,Belltown
6364549,Belltown
8326940,Belltown
7826593,Belltown
8168476,Belltown
6482984,Belltown
6316917,Belltown
7922581,Belltown
4110396,Belltown
5446176,Belltown
4669377,Belltown
4151430,Belltown
5446513,Belltown
3793185,Belltown
937370,Belltown
1833250,Belltown
902243,Belltown
4053644,Belltown
1084046,Belltown
8016481,Belltown
8811781,Belltown
4243163,Belltown
4569115,Belltown
4464824,Belltown
9258513,Belltown
4190771,Belltown
3543084,Belltown
6263270,Belltown
7807169,Belltown
844939,Belltown
8890682,Belltown
3998984,Belltown
6315435,Belltown
6704004,Belltown
1797207,Belltown
271509,Belltown
10156116,Belltown
4410789,Belltown
9577993,Belltown
9352620,Belltown
9532957,Belltown
8354452,Belltown
9497431,Belltown
217142,Belltown
1732280,Belltown
4240933,Belltown
443942,Belltown
6489648,Belltown
8308386,Belltown
8227038,Belltown
2489339,Belltown
8054892,Belltown
1493197,Belltown
4417792,Belltown
5048597,Belltown
6278191,Belltown
8891577,Belltown
4163306,Belltown
59827,Belltown
9505340,Belltown
3992155,Belltown
8571518,Belltown
3820186,Belltown
1084084,Belltown
257140,Belltown
8956628,Belltown
8637174,Belltown
8815061,Belltown
4677524,Belltown
3139847,Belltown
6975036,Belltown
4151093,Belltown
4256558,Belltown
2110357,Belltown
8147986,Belltown
2905375,Belltown
4257097,Belltown
931154,Belltown
6370655,Belltown
4363919,Belltown
8722230,Belltown
5019444,Belltown
931758,Belltown
301059,Belltown
8815638,Belltown
7264667,Belltown
2068301,Belltown
8487843,Belltown
8608233,Belltown
5446156,Belltown
2691273,Belltown
7807090,Belltown
8306646,Belltown
9666446,Belltown
1055661,Belltown
7806698,Belltown
24212,Belltown
8027776,Belltown
6868378,Belltown
7249508,Belltown
7544337,Belltown
19623,Belltown
4210585,Belltown
5784320,Belltown
7347229,Belltown
4676275,Belltown
2489283,Belltown
277416,Belltown
7699356,Belltown
5847934,Belltown
9886971,Belltown
5446180,Belltown
4242626,Belltown
3226793,Belltown
23430,Belltown
2186330,Belltown
9477204,Belltown
5683765,Belltown
9900319,Belltown
5691933,Belltown
8829472,Belltown
5183938,Belltown
224763,Belltown
4520179,Belltown
9263252,Belltown
284813,Belltown
4402880,Belltown
2660384,Belltown
6973790,Belltown
7116795,Belltown
9910189,Belltown
6854552,Belltown
1857141,Belltown
8668410,Belltown
8517235,Belltown
4311244,Belltown
7616008,Belltown
4776823,Belltown
8082659,Belltown
808134,Belltown
8984454,Belltown
6403878,Belltown
8427254,Belltown
529090,Belltown
2392869,Belltown
5289293,Belltown
4783585,Belltown
286080,Belltown
1601714,Belltown
9474025,Belltown
5459895,Belltown
7360078,Belltown
8843162,Belltown
8409750,Belltown
6033201,Belltown
5058302,Belltown
4264056,Belltown
1707064,Belltown
8236094,Belltown
8072907,Belltown
4082986,Belltown
9138600,Belltown
7922197,Belltown
10235014,Belltown
4190689,Belltown
3033913,Belltown
6362918,Belltown
2935486,Belltown
9031119,Belltown
5270886,Belltown
59838,Belltown
7727428,Belltown
59708,Belltown
1476298,Belltown
6850007,Belltown
8922554,Belltown
7440415,Belltown
6490091,Belltown
9311687,Belltown
8103365,Belltown
631445,Belltown
6545773,Belltown
8036985,Belltown
9699490,Belltown
4661374,Belltown
365550,International District
7777381,International District
1778989,International District
5031285,International District
5031383,International District
9685856,International District
208356,International District
9449062,International District
3552523,International District
3487824,International District
8501705,International District
10140582,International District
8068232,International District
1709737,International District
9408991,International District
7110655,International District
9012948,International District
8372038,Central Business District
2051658,Central Business District
7506165,Central Business District
7311407,Central Business District
397117,Central Business District
4516960,Central Business District
9089308,Central Business District
934123,Central Business District
3891695,Central Business District
6514446,Central Business District
9863312,Central Business District
8805211,Central Business District
7954781,Central Business District
2944021,Central Business District
4395349,Central Business District
3282000,Central Business District
6687939,Central Business District
6613192,Central Business District
9900303,Central Business District
7860710,Central Business District
7510776,Central Business District
6773472,Central Business District
7965184,Central Business District
9183380,Central Business District
9201292,Central Business District
7332364,Central Business District
9028315,Central Business District
9939025,Central Business District
8100190,Central Business District
935671,Central Business District
936177,Central Business District
922986,Central Business District
1200083,Central Business District
935432,Central Business District
604600,Central Business District
1251763,Central Business District
7517684,Central Business District
607788,Central Business District
6278361,Central Business District
936378,Central Business District
7350870,Central Business District
92835,Central Business District
4009508,Central Business District
935862,Central Business District
8187537,Central Business District
10132385,Central Business District
9516114,Central Business District
2749725,Central Business District
9813231,Central Business District
8101251,Central Business District
5201816,Central Business District
9329068,Central Business District
8704438,Central Business District
8052542,Central Business District
4251426,Central Business District
6020744,Central Business District
4251235,Central Business District
8093529,Central Business District
654734,Central Business District
3489083,Central Business District
8691263,Central Business District
3971934,Central Business District
7732071,Central Business District
1251813,Central Business District
10247453,Central Business District
6740521,Central Business District
2955782,Central Business District
6691324,Central Business District
8568567,Central Business District
1251707,Central Business District
10125020,Central Business District
931785,Central Business District
7763613,Central Business District
9574602,Central Business District
9024838,Central Business District
8427227,Central Business District
6993019,Central Business District
6746826,Central Business District
3592838,Central Business District
1954452,Central Business District
1651324,Central Business District
8016646,Central Business District
6115704,Central Business District
9237535,Central Business District
2191633,Central Business District
7451624,Central Business District
8311242,Central Business District
3977605,Central Business District
6344566,Central Business District
2191169,Central Business District
5213468,Central Business District
9822759,Central Business District
945645,Central Business District
8193241,Central Business District
6916167,Central Business District
6941113,Central Business District
2621746,Central Business District
449602,Central Business District
1724849,Central Business District
3868138,Central Business District
8193054,Central Business District
6807981,Central Business District
1163345,Central Business District
6436727,First Hill
8553556,First Hill
7389483,First Hill
1901706,First Hill
4137114,First Hill
5249093,First Hill
356608,First Hill
5270223,First Hill
7824870,First Hill
828298,First Hill
8446347,First Hill
5989894,First Hill
7699495,First Hill
3270492,First Hill
5372156,First Hill
2933877,First Hill
4943016,First Hill
3624990,First Hill
7391003,First Hill
9922140,First Hill
10126199,First Hill
6752031,First Hill
1815304,First Hill
10211716,First Hill
3793047,First Hill
353039,First Hill
5218550,First Hill
7809494,First Hill
6627403,First Hill
8065715,First Hill
7431247,First Hill
9460,First Hill
6993978,First Hill
9979329,First Hill
9061868,First Hill
1246769,First Hill
1107845,First Hill
1583047,First Hill
7735282,First Hill
7710713,First Hill
7735313,First Hill
8869027,First Hill
9781881,First Hill
6239907,First Hill
6315269,First Hill
9318524,First Hill
6812415,First Hill
7118258,First Hill
8505421,First Hill
6246861,First Hill
7828222,First Hill
7533901,First Hill
3803947,First Hill
2943860,First Hill
7388225,First Hill
2620429,First Hill
5036739,First Hill
2978929,First Hill
7699096,First Hill
4439293,First Hill
580815,First Hill
5315169,First Hill
3906076,First Hill
4566609,First Hill
9304465,First Hill
1136984,First Hill
6494181,First Hill
4494947,First Hill
9533648,First Hill
284087,First Hill
2825852,First Hill
8817033,First Hill
9097503,First Hill
10211609,First Hill
1684236,First Hill
1159226,First Hill
9318440,First Hill
7884782,First Hill
9236961,First Hill
8065531,First Hill
8342429,First Hill
2149219,First Hill
7678814,First Hill
9432322,First Hill
4410544,First Hill
8129676,First Hill
4614955,First Hill
1043194,First Hill
8385687,First Hill
8579782,First Hill
9908825,First Hill
9530877,First Hill
8441263,First Hill
9530788,First Hill
3394936,First Hill
6882518,First Hill
4031625,First Hill
4494948,First Hill
4616695,First Hill
4106041,First Hill
2532879,First Hill
4752817,First Hill
6808970,First Hill
1157083,First Hill
6226666,First Hill
9151374,First Hill
6807884,First Hill
1761870,First Hill
6949900,Yesler Terrace
5126446,Yesler Terrace
8341720,Yesler Terrace
8355276,Yesler Terrace
7920539,Yesler Terrace
7598743,Yesler Terrace
7916754,Yesler Terrace
7956227,Yesler Terrace
4706111,Yesler Terrace
8016309,Yesler Terrace
5793477,Yesler Terrace
2926776,Yesler Terrace
8443258,Yesler Terrace
7577073,Yesler Terrace
6838418,Yesler Terrace
6852243,Yesler Terrace
9317101,Yesler Terrace
6555128,Pioneer Square
6228959,Pioneer Square
8446689,Pioneer Square
8064351,Pioneer Square
6662639,Pioneer Square
3273240,Pioneer Square
5957039,Pioneer Square
3449059,Pioneer Square
789229,Pioneer Square
4008373,Pioneer Square
5913611,Pioneer Square
8310576,Pioneer Square
4811583,Pioneer Square
3333971,Pioneer Square
4226386,Pioneer Square
3497530,Pioneer Square
8338155,Pioneer Square
1080097,Pioneer Square
4593740,Pioneer Square
6747473,Pioneer Square
3821663,Pioneer Square
5021969,Pioneer Square
4574039,Pioneer Square
4105164,Gatewood
2865992,Gatewood
1205666,Gatewood
5651254,Gatewood
1594412,Gatewood
7717653,Gatewood
4808896,Gatewood
7533537,Gatewood
5978216,Gatewood
6134382,Gatewood
9813684,Gatewood
9846066,Gatewood
10122924,Gatewood
1259305,Gatewood
7452021,Gatewood
193836,Gatewood
7902229,Gatewood
3994397,Gatewood
6744143,Gatewood
6554352,Gatewood
9186256,Gatewood
9219567,Gatewood
6278680,Arbor Heights
5252543,Arbor Heights
9296887,Arbor Heights
8431178,Arbor Heights
353347,Arbor Heights
838764,Alki
7349029,Alki
8194782,Alki
8703208,Alki
10339145,Alki
3251016,Alki
7513623,Alki
9521903,Alki
4379551,Alki
803902,Alki
5686178,Alki
8617043,Alki
9545664,Alki
7096547,Alki
8784239,Alki
3168651,Alki
7776701,Alki
5862552,Alki
9696532,Alki
6412566,Alki
6578147,Alki
4022127,Alki
3265292,Alki
3505739,Alki
9174507,Alki
9796540,Alki
3005854,Alki
3898692,Alki
7502246,Alki
6002165,Alki
4887845,Alki
8132007,Alki
10183490,Alki
8170683,Alki
5229971,Alki
4597013,Alki
3818746,Alki
6644854,Alki
117165,Alki
5015262,Alki
3868844,Alki
7455068,Alki
8102349,North Admiral
6694276,North Admiral
8373832,North Admiral
426089,North Admiral
7561333,North Admiral
2638086,North Admiral
10121329,North Admiral
5324459,North Admiral
233502,North Admiral
7651148,North Admiral
86185,North Admiral
2522091,North Admiral
7665392,North Admiral
1000883,North Admiral
7563243,North Admiral
251922,North Admiral
1225820,North Admiral
353110,North Admiral
4384800,North Admiral
8538630,North Admiral
5751177,North Admiral
3124961,North Admiral
6436772,North Admiral
7499506,North Admiral
3403858,North Admiral
746380,North Admiral
7229743,North Admiral
7547611,North Admiral
2906694,North Admiral
7454026,North Admiral
4651974,North Admiral
6847052,North Admiral
1538865,North Admiral
3061918,North Admiral
7773851,North Admiral
2536507,North Admiral
8409773,North Admiral
7131797,North Admiral
10331249,North Admiral
9883943,North Admiral
6956938,North Admiral
7869223,North Admiral
7278583,North Admiral
6796246,North Admiral
5991734,North Admiral
6515046,North Admiral
8538420,North Admiral
7800143,North Admiral
7651602,North Admiral
461567,Crown Hill
9736940,Crown Hill
210316,Crown Hill
4581124,Crown Hill
6403104,Crown Hill
7071331,Crown Hill
3883137,Crown Hill
9858690,Crown Hill
6657574,Crown Hill
566435,Crown Hill
226495,Crown Hill
9394485,Crown Hill
8116504,Crown Hill
80188,Crown Hill
9696286,Crown Hill
7788695,Crown Hill
1289082,Crown Hill
3656508,Crown Hill
8119192,Crown Hill
5487653,Crown Hill
493591,Crown Hill
9534,Fairmount Park
6902752,Fairmount Park
7902569,Fairmount Park
9531,Fairmount Park
5759668,Fairmount Park
17951,Fairmount Park
4030640,Fairmount Park
4395654,Fairmount Park
6759046,Fairmount Park
10020782,Fairmount Park
1252147,Fairmount Park
5652705,Fairmount Park
9410043,Fairmount Park
46022,Fairmount Park
4996554,Fairmount Park
692080,Fairmount Park
153967,Fairmount Park
9328278,Fairmount Park
8566242,Fairmount Park
6567683,Fairmount Park
6794702,Fairmount Park
7746170,Fairmount Park
157939,Fairmount Park
7459637,Fairmount Park
6079131,Fairmount Park
158953,Fairmount Park
8342968,Fairmount Park
6512979,Fairmount Park
7886656,Fairmount Park
4378803,Genesee
7791010,Genesee
6452927,Genesee
8066883,Genesee
8209686,Genesee
8017832,Genesee
7988300,Genesee
2818292,Genesee
4910140,Genesee
9110730,Genesee
6762958,Genesee
8503556,Genesee
6448099,Genesee
4564730,Genesee
50233,Genesee
3402376,Genesee
8782852,Genesee
9098494,Genesee
6977095,Genesee
6748502,Genesee
6823837,Genesee
9298045,Genesee
7988436,Genesee
9615941,Genesee
8631419,Genesee
8919070,Genesee
7836953,Genesee
3281072,Genesee
10252110,Genesee
5958674,Genesee
8307502,Genesee
5958194,Genesee
4121334,Genesee
598023,Genesee
6958603,Interbay
7390195,Interbay
4271174,Interbay
3237501,Interbay
6438013,Interbay
10309898,Interbay
2134911,Interbay
5002964,Interbay
6780615,Interbay
2586642,Interbay
9490093,Interbay
1815472,NO MATCH: sumting wong has happen
8566475,NO MATCH: sumting wong has happen
10205366,NO MATCH: sumting wong has happen
2919571,NO MATCH: sumting wong has happen
1484651,NO MATCH: sumting wong has happen
6327506,Mid-Beacon Hill
3544964,Mid-Beacon Hill
7763298,Mid-Beacon Hill
5873892,Mid-Beacon Hill
41401,Mid-Beacon Hill
6646985,Mid-Beacon Hill
3582883,Mid-Beacon Hill
6939472,Mid-Beacon Hill
4518037,Mid-Beacon Hill
3951768,Mid-Beacon Hill
7007598,Mid-Beacon Hill
7800238,Mid-Beacon Hill
4581256,Mid-Beacon Hill
4163851,Mid-Beacon Hill
479653,Mid-Beacon Hill
6647442,Mid-Beacon Hill
7247518,Mid-Beacon Hill
6831239,Mid-Beacon Hill
108765,Mid-Beacon Hill
8174943,Mid-Beacon Hill
6360895,Mid-Beacon Hill
6363765,Mid-Beacon Hill
6183330,Mid-Beacon Hill
2612025,Mid-Beacon Hill
7630155,Mid-Beacon Hill
8118346,Mid-Beacon Hill
6105021,Mid-Beacon Hill
10299108,Mid-Beacon Hill
6626493,Mid-Beacon Hill
573942,Mid-Beacon Hill
9314106,South Beacon Hill
9814376,South Beacon Hill
9564093,South Beacon Hill
1652107,South Beacon Hill
609252,Greenwood
942490,Greenwood
8653722,Greenwood
7562591,Greenwood
9636238,Greenwood
823989,Greenwood
7596934,Greenwood
6832592,Greenwood
3922853,Greenwood
9475641,Greenwood
8718936,Greenwood
9075558,Greenwood
671828,Greenwood
6660186,Greenwood
716829,Greenwood
3916050,Greenwood
2187906,Greenwood
9091301,Greenwood
9048584,Greenwood
7382368,Greenwood
5278993,Greenwood
8717758,Greenwood
10299195,Greenwood
7064681,Greenwood
1935439,Greenwood
5931372,Greenwood
1984692,Greenwood
4360604,Greenwood
9712348,Greenwood
7151107,Greenwood
7935437,Greenwood
6364753,Greenwood
7952032,Greenwood
6166307,Greenwood
3282760,Greenwood
6411259,Greenwood
670262,Greenwood
8411663,Greenwood
6926511,Greenwood
9908591,Greenwood
5640722,Greenwood
6701018,Greenwood
3653575,Greenwood
7647221,Greenwood
3637180,Greenwood
6215199,Greenwood
714043,Greenwood
3890990,Greenwood
4038347,Greenwood
523883,Greenwood
4111954,Greenwood
4693488,Greenwood
5127136,Greenwood
7674720,Greenwood
8028801,Greenwood
9050781,Greenwood
178844,Greenwood
8034871,Greenwood
3208330,Greenwood
9492036,Greenwood
4863533,Greenwood
4360485,Greenwood
8194286,Greenwood
5524847,Greenwood
9236814,Greenwood
8483744,Greenwood
609421,Greenwood
3543247,Greenwood
4567243,Greenwood
749758,Greenwood
4854767,Greenwood
8129537,Greenwood
5014835,Greenwood
421168,Greenwood
58503,Greenwood
7881802,Greenwood
9562586,Greenwood
10340165,Greenwood
370361,Greenwood
3753645,Greenwood
3535171,Greenwood
2037250,Greenwood
2605975,Greenwood
4825472,Greenwood
5500398,Greenwood
587584,Greenwood
1220816,Greenwood
354453,Greenwood
9576550,Greenwood
3793790,Holly Park
9013210,Holly Park
9863457,Holly Park
23356,Holly Park
6425537,Holly Park
7921453,Holly Park
8634897,Fauntleroy
3604931,Fauntleroy
6937492,Fauntleroy
1048798,Fauntleroy
613020,Fauntleroy
9109293,Fauntleroy
6215943,Fauntleroy
4069543,Fauntleroy
3986788,Fauntleroy
3968416,Fauntleroy
1806899,North Beacon Hill
6168769,North Beacon Hill
8187592,North Beacon Hill
1925661,North Beacon Hill
4760968,North Beacon Hill
3953365,North Beacon Hill
4909327,North Beacon Hill
7828509,North Beacon Hill
4903296,North Beacon Hill
1323634,North Beacon Hill
571640,North Beacon Hill
613151,North Beacon Hill
278192,North Beacon Hill
571651,North Beacon Hill
7883181,North Beacon Hill
7718139,North Beacon Hill
6572501,North Beacon Hill
4668327,North Beacon Hill
7636185,North Beacon Hill
6421243,North Beacon Hill
5580773,North Beacon Hill
8737284,North Beacon Hill
958475,North Beacon Hill
8605841,North Beacon Hill
7500728,North Beacon Hill
606297,North Beacon Hill
9094366,North Beacon Hill
7096107,North Beacon Hill
9496612,North Beacon Hill
8785768,North Beacon Hill
143580,North Beacon Hill
611500,North Beacon Hill
264829,North Beacon Hill
1856851,North Beacon Hill
1317919,North Beacon Hill
392140,North Beacon Hill
3139972,North Beacon Hill
10020221,North Beacon Hill
8759443,North Beacon Hill
6317449,North Beacon Hill
6416765,North Beacon Hill
5056580,North Beacon Hill
6793490,North Beacon Hill
2069917,North Beacon Hill
3258585,North Beacon Hill
815017,North Beacon Hill
6610942,North Beacon Hill
5365612,North Beacon Hill
1556170,North Beacon Hill
2486612,North Beacon Hill
7748778,North Beacon Hill
6872650,North Beacon Hill
7634011,North Beacon Hill
1898511,North Beacon Hill
8067053,North Beacon Hill
1872885,North Beacon Hill
6561379,North Beacon Hill
265901,North Beacon Hill
392779,North Beacon Hill
202174,North Beacon Hill
7853358,North Beacon Hill
2197168,North Beacon Hill
4075152,North Beacon Hill
5593399,North Beacon Hill
366301,North Beacon Hill
6644628,North Beacon Hill
3593582,North Beacon Hill
6716620,North Beacon Hill
6796066,North Beacon Hill
3977450,North Beacon Hill
793629,North Beacon Hill
9110410,Mount Baker
5705161,North Beacon Hill
8596938,North Beacon Hill
5364119,North Beacon Hill
6211882,North Beacon Hill
4374326,North Beacon Hill
7887651,North Beacon Hill
9013441,North Beacon Hill
7362757,Brighton
9609152,Brighton
4639040,Brighton
2586350,Brighton
6482409,Brighton
8089214,Brighton
8409975,Brighton
8409926,Brighton
6107518,Brighton
9797000,Brighton
5242148,Brighton
3372535,Brighton
995443,Brighton
3279728,South Delridge
8446766,South Delridge
9733841,South Delridge
5852034,South Delridge
1851837,South Delridge
7324041,South Delridge
4105081,South Delridge
8474605,South Delridge
5682,South Delridge
2737012,South Delridge
8743202,South Delridge
1003890,South Delridge
8446120,View Ridge
8153673,View Ridge
7936712,View Ridge
2642359,View Ridge
6528342,View Ridge
9820818,View Ridge
8754180,View Ridge
8904766,Dunlap
3186785,Dunlap
1885801,Dunlap
8006745,Dunlap
7013085,Dunlap
6546748,Dunlap
4526737,Dunlap
3335,Dunlap
4735761,Dunlap
1672979,Dunlap
7388899,Dunlap
8052307,Dunlap
9068366,Dunlap
6117473,Dunlap
8541389,Dunlap
7745016,Dunlap
6557297,Dunlap
1263470,Dunlap
7415378,Dunlap
8849596,Dunlap
7902382,Rainier Beach
4772997,Rainier Beach
4708075,Rainier Beach
3859882,Rainier Beach
4711069,Rainier Beach
7713043,Rainier Beach
174636,Rainier Beach
8195348,Rainier Beach
7902068,Rainier Beach
4832481,Rainier Beach
7902268,Rainier Beach
4559222,Rainier Beach
7902330,Rainier Beach
6249164,Rainier Beach
5192122,Rainier Beach
8901863,Rainier Beach
2027236,Rainier Beach
3673011,Columbia City
6577295,Columbia City
4384000,Mount Baker
3147706,Columbia City
1900698,Columbia City
4157572,Columbia City
8886847,Columbia City
3642289,Columbia City
3022564,Columbia City
2203983,Columbia City
215882,Columbia City
491958,Columbia City
190984,Columbia City
1599856,Columbia City
1223644,Columbia City
3246706,Columbia City
1305009,Columbia City
8952253,Columbia City
4041868,Columbia City
8845310,Columbia City
7750477,Columbia City
7938941,Columbia City
2721575,Columbia City
1738425,Columbia City
2471659,Columbia City
6078382,Columbia City
7585688,Columbia City
3120652,Columbia City
4922836,Columbia City
1433440,Columbia City
2980762,Columbia City
1733747,Columbia City
1455269,Columbia City
1457330,Columbia City
7420488,Columbia City
8902887,Columbia City
5175464,Columbia City
7411863,Columbia City
2856806,Columbia City
693956,Columbia City
5682316,Columbia City
8597800,Columbia City
4707171,Columbia City
9138392,Columbia City
7417852,Columbia City
9597947,Columbia City
7262142,Columbia City
7615170,Columbia City
609610,Columbia City
8326413,Columbia City
4833820,Columbia City
7480196,Columbia City
8774504,Columbia City
8627921,Columbia City
788146,Columbia City
9217446,Columbia City
2016613,Columbia City
2695493,Columbia City
9063355,Columbia City
7922663,Mount Baker
9415562,Mount Baker
9075656,Mount Baker
9710851,Mount Baker
1983713,Mount Baker
7363727,Mount Baker
10022421,Mount Baker
6274351,Mount Baker
777159,Mount Baker
3922845,Mount Baker
674113,Mount Baker
8053128,Mount Baker
7534300,Mount Baker
1009838,Mount Baker
9823290,Mount Baker
5194332,Mount Baker
841274,Mount Baker
8904748,Mount Baker
8734809,Mount Baker
7562331,Mount Baker
4461706,Mount Baker
3890786,Mount Baker
8474253,Mount Baker
5559063,Mount Baker
4126284,Mount Baker
1209447,Mount Baker
4364285,Mount Baker
6716874,Mount Baker
4659824,Mount Baker
3677729,Mount Baker
1097520,Mount Baker
2898954,Mount Baker
826436,Mount Baker
774659,Mount Baker
3849918,Mount Baker
7382303,Mount Baker
5376433,Mount Baker
1750681,Mount Baker
7229312,Mount Baker
2520890,Mount Baker
8391954,Mount Baker
797358,Mount Baker
7922013,Mount Baker
7956337,Mount Baker
2686659,Mount Baker
755613,Mount Baker
1758935,Mount Baker
8474294,Mount Baker
3904056,Seward Park
7914021,Seward Park
9364302,Seward Park
8196883,Seward Park
7938153,Seward Park
2763078,Seward Park
3258213,Seward Park
7809455,Seward Park
8409949,Seward Park
2150760,Seward Park
5424448,Seward Park
1606171,Seward Park
136480,Seward Park
4863369,Seward Park
7547290,Seward Park
5918259,Seward Park
5804875,Seward Park
8409941,Seward Park
8409969,Seward Park
9170870,Seward Park
6168975,Seward Park
7263506,Seward Park
7037522,Seward Park
1416763,Seward Park
3726391,Seward Park
10188794,Seward Park
3488436,Seward Park
1277033,Seward Park
5241195,Seward Park
2736961,Seward Park
4716486,Seward Park
7386675,Seward Park
5240694,Seward Park
8566501,Seward Park
7402861,Seward Park
741699,Seward Park
6108006,Seward Park
8409962,Seward Park
5834820,Seward Park
6741135,Seward Park
6555393,Seward Park
67270,Seward Park
7005538,Seward Park
1827586,Seward Park
7900497,North Delridge
8157486,North Delridge
4809486,North Delridge
9849122,North Delridge
9351911,North Delridge
3993960,North Delridge
8989807,North Delridge
5299060,North Delridge
3115801,North Delridge
9153365,North Delridge
10015967,North Delridge
284480,North Delridge
4916433,North Delridge
1732441,North Delridge
2652941,North Delridge
2809796,North Delridge
9477539,North Delridge
4479426,North Delridge
8276416,North Delridge
486344,North Delridge
1980395,North Delridge
7239217,North Delridge
1328159,North Delridge
5838129,North Delridge
9664395,North Delridge
4681687,North Delridge
4264012,North Delridge
445199,North Delridge
7514366,North Delridge
5236979,North Delridge
8555304,North Delridge
8847951,North Delridge
3124383,Maple Leaf
5863446,Maple Leaf
9155422,Maple Leaf
5047188,Maple Leaf
5825701,Maple Leaf
5499882,Maple Leaf
7529124,Maple Leaf
7995944,Maple Leaf
5538874,Maple Leaf
4941356,Maple Leaf
7679928,Maple Leaf
10385,Maple Leaf
4507137,Maple Leaf
7653539,Maple Leaf
5863558,Maple Leaf
8472954,Maple Leaf
7952930,Maple Leaf
8556665,Maple Leaf
5500752,Maple Leaf
9048029,Maple Leaf
4423130,Maple Leaf
8473056,Maple Leaf
2071305,Maple Leaf
817115,Maple Leaf
6895132,Maple Leaf
8255196,Maple Leaf
5051529,Maple Leaf
5337848,Maple Leaf
20868,Maple Leaf
8385444,Maple Leaf
637326,Maple Leaf
6557767,Maple Leaf
4869458,Maple Leaf
5319948,Maple Leaf
7638282,Maple Leaf
11411,Maple Leaf
723846,Maple Leaf
10104370,Maple Leaf
5041669,Maple Leaf
2197982,Maple Leaf
10695,Maple Leaf
6005222,Maple Leaf
3317940,Ravenna
8099917,Ravenna
8617171,Ravenna
4181226,Ravenna
7074024,Ravenna
2729077,Ravenna
7483750,Ravenna
9030929,Ravenna
1764233,Ravenna
6218849,Ravenna
4030600,Ravenna
4637801,Ravenna
2056276,Ravenna
6214998,Ravenna
9168049,Ravenna
10211928,Ravenna
387464,Ravenna
53867,Ravenna
3146212,Ravenna
107046,Ravenna
4629020,Ravenna
4324317,Ravenna
6629278,Ravenna
8958290,Ravenna
6676926,Ravenna
7934356,Ravenna
4701141,Ravenna
7274556,Ravenna
9186681,Ravenna
6907671,Ravenna
1534622,Ravenna
6627129,Ravenna
1750010,Ravenna
5805162,Ravenna
1136522,Ravenna
4892529,Ravenna
2420536,Ravenna
6612940,Ravenna
5471427,Ravenna
8714974,Ravenna
8101791,Ravenna
6599960,Ravenna
8002965,Ravenna
8715320,Ravenna
9632775,Ravenna
5413564,Ravenna
5340242,Ravenna
3676779,Ravenna
9157232,Ravenna
4208555,Ravenna
7026898,Ravenna
3766055,Ravenna
8091417,Ravenna
8253758,Ravenna
3126153,Ravenna
3434459,Ravenna
7245586,Ravenna
5959816,Ravenna
3852117,Ravenna
7350992,Ravenna
3812725,Ravenna
4288801,Ravenna
5473498,Ravenna
5057466,Ravenna
1541705,Ravenna
7110923,Ravenna
9067268,Ravenna
7500000,Riverview
2556794,Riverview
6348159,Riverview
5941598,Riverview
3206305,Riverview
3531616,Riverview
3404700,Riverview
533443,Riverview
6214517,Portage Bay
8036620,Portage Bay
8152764,Portage Bay
6837751,Portage Bay
2459519,Portage Bay
4940379,Portage Bay
2413338,Portage Bay
2332949,Portage Bay
6543683,Portage Bay
4340410,Portage Bay
7003848,Portage Bay
3479851,Portage Bay
5104918,Portage Bay
1386306,Bryant
486829,Bryant
3604904,Bryant
1450262,Bryant
9995551,Bryant
8849095,Bryant
7742525,Bryant
4550199,Bryant
2822984,Bryant
202260,Bryant
8597687,Bryant
2309250,Bryant
7420339,Bryant
1742425,Bryant
4559985,Bryant
6304139,Bryant
2610187,Bryant
8508341,Bryant
7327623,Bryant
2412633,Bryant
4205026,Bryant
7858454,Bryant
9299824,Bryant
656909,Bryant
6728419,Bryant
8766231,Bryant
9110560,Bryant
4599119,Bryant
10043487,Bryant
3646393,Montlake
6537432,Montlake
1950446,Montlake
9519968,Montlake
8507062,Montlake
4454121,Montlake
8505940,Montlake
1012003,Montlake
7024684,Montlake
6938542,Montlake
2350464,Montlake
10281965,Montlake
63308,Montlake
3352685,Montlake
9368950,Montlake
6386210,Montlake
2385623,Montlake
5006092,Montlake
7070169,Montlake
7988792,Broadway
6335327,Broadway
3858725,Broadway
385438,Broadway
3615614,Broadway
8339580,Broadway
9480029,Broadway
139463,Broadway
7957689,Broadway
6646894,Broadway
8907548,Broadway
3551668,Broadway
2357110,Broadway
7784802,Broadway
10210625,Broadway
9137469,Broadway
6032726,Broadway
7802266,Broadway
10250735,Broadway
7496485,Broadway
7638263,Broadway
7421950,Broadway
8356608,Broadway
1354750,Broadway
2687172,Broadway
3498114,Broadway
9580021,Broadway
9994758,Broadway
10035274,Broadway
8369321,Broadway
7500191,Broadway
6870575,Broadway
8594717,Broadway
134091,Broadway
8473625,Broadway
258571,Broadway
9473967,Broadway
890677,Broadway
4211081,Broadway
7843995,Broadway
9494623,Broadway
882274,Broadway
3594885,Broadway
1768883,Broadway
948077,Broadway
4841586,Broadway
5640214,Broadway
9011350,Broadway
5695717,Broadway
4718921,Broadway
557126,Broadway
8053554,Broadway
2488228,Broadway
6865200,Broadway
8779676,Broadway
9929059,Broadway
8919372,Broadway
8257837,Broadway
4607830,Broadway
1545801,Broadway
4129218,Broadway
6390214,Broadway
9757138,Broadway
7872980,Broadway
458191,Broadway
7725597,Broadway
4660517,Broadway
3426639,Broadway
6118359,Broadway
7665114,Broadway
281789,Broadway
3930270,Broadway
9016362,Broadway
7987846,Broadway
3803212,Broadway
3424991,Broadway
752483,Broadway
1897000,Broadway
6349598,Broadway
4809601,Broadway
9137398,Broadway
9137075,Broadway
1100714,Broadway
5977556,Broadway
1090449,Broadway
4199019,Broadway
1520593,Broadway
1928010,Broadway
7177194,Broadway
7635966,Broadway
6325283,Broadway
6644796,Broadway
8053921,Broadway
841049,Broadway
7128310,Broadway
7718203,Broadway
9774404,Broadway
7789438,Broadway
7775663,Broadway
8014547,Broadway
1716901,Broadway
6477225,Broadway
2217257,Broadway
7580593,Broadway
1828232,Broadway
4725935,Broadway
9061439,Broadway
6545602,Broadway
2688555,Broadway
7984550,Broadway
6561753,Broadway
6561811,Broadway
6545246,Broadway
1520501,Broadway
5618094,Broadway
279063,Broadway
5030361,Broadway
6779893,Broadway
796594,Broadway
1030615,Broadway
6328923,Broadway
7050492,Broadway
2418658,Broadway
387078,Broadway
10012724,Broadway
6768768,Broadway
338043,Broadway
4701205,Broadway
338091,Broadway
7235573,Broadway
7579854,Broadway
1525972,Broadway
3626497,Broadway
8102064,Broadway
447488,Broadway
835149,Broadway
3759039,Broadway
6131411,Broadway
4679983,Broadway
7821003,Broadway
9939359,Broadway
9494946,Broadway
745099,Broadway
8054518,Broadway
1141226,Broadway
9866909,Broadway
1790020,Broadway
4277026,Broadway
4082250,Broadway
5637990,Broadway
2909809,Broadway
1356339,Broadway
3884805,Broadway
5395530,Broadway
10295151,Broadway
6481695,Broadway
5660792,Broadway
7435912,Broadway
4768038,Broadway
1416279,Broadway
9970609,Broadway
6835466,Broadway
3418230,Broadway
9843421,Broadway
3543791,Broadway
3552006,Broadway
7149703,Broadway
4526943,Broadway
7557951,Broadway
4808173,Broadway
4404126,Broadway
7902137,Broadway
8453633,Broadway
2004931,Broadway
7179783,Broadway
7241235,Broadway
6249458,Broadway
1537246,Broadway
841140,Broadway
1961950,Broadway
8735996,Broadway
1220471,Broadway
7369,Broadway
9137899,Broadway
4831200,Broadway
1562643,Broadway
7871807,Broadway
8116395,Broadway
872152,Broadway
719233,Broadway
6216116,Broadway
9386509,Broadway
1686958,Broadway
8106277,Broadway
5422881,Broadway
6812054,Broadway
5067177,Broadway
6689259,Broadway
4231670,Broadway
6951415,Broadway
7666155,Broadway
8934054,Broadway
7601766,Broadway
6954984,Broadway
8339428,Broadway
5160893,Broadway
7616507,Broadway
23192,Broadway
9494415,Broadway
8241019,Broadway
4652918,Broadway
7618526,Broadway
5930806,Broadway
9407989,Broadway
6823597,Broadway
5537446,Broadway
9436832,Broadway
9133711,Broadway
10157690,Broadway
1122236,Broadway
4906490,Broadway
7773668,Broadway
458197,Broadway
458193,Broadway
458186,Broadway
458183,Broadway
941467,Broadway
1039766,Broadway
5078876,Broadway
5242712,Broadway
1539476,Broadway
8626068,Broadway
8150395,Broadway
4824435,Broadway
4250639,Broadway
3652612,Broadway
3570691,Broadway
5495802,Broadway
8106263,Broadway
1204142,Broadway
6769696,Broadway
6118291,Broadway
5593981,Broadway
9970805,Broadway
8673979,Broadway
3404914,Broadway
4782745,Broadway
4848255,Broadway
2194715,Broadway
13068,Broadway
9137335,Broadway
6659301,Broadway
5479566,Broadway
8273031,Broadway
7363701,Broadway
7984738,Broadway
3930681,Broadway
7518794,Broadway
8755762,Broadway
7535055,Broadway
4241862,Broadway
9509279,Broadway
6822322,Broadway
2628010,Broadway
4077920,Broadway
10157880,Broadway
4766173,Broadway
5946151,Broadway
2970666,Broadway
7308331,Broadway
3946631,Broadway
7329915,Broadway
6436976,Broadway
9328692,Broadway
9117301,Broadway
2898401,Broadway
8193516,Broadway
3766285,Broadway
1520581,Broadway
1349175,Broadway
5633607,Broadway
9836113,Broadway
5510720,Broadway
6837819,Broadway
8050232,Broadway
9386179,Broadway
4184211,Broadway
3732949,Broadway
1348777,Broadway
317248,Broadway
6182715,Broadway
8943380,Broadway
6076158,Broadway
384797,Broadway
7901318,Broadway
7614244,Broadway
458189,Broadway
5386937,Broadway
8684315,Broadway
3412630,Broadway
7054225,Broadway
1775016,Broadway
9835920,Broadway
4223597,Broadway
1976382,Broadway
3396140,Broadway
1782140,Broadway
430453,Broadway
1633986,Broadway
9507115,Broadway
8926060,Broadway
1520449,Broadway
7697170,Broadway
1511620,Broadway
9411935,Broadway
1355094,Broadway
6305798,Broadway
4009295,Broadway
10334184,Broadway
1159111,Broadway
9368573,Broadway
3773417,Broadway
9327585,Broadway
6492056,Broadway
7073650,Broadway
9727857,Broadway
446276,Broadway
208670,Broadway
8868833,Broadway
7180032,Broadway
9137259,Broadway
9252998,Broadway
7975026,Broadway
6278216,Broadway
6425652,Broadway
7228435,Broadway
9149612,Broadway
8251213,Broadway
5548982,Broadway
9546633,Broadway
3272374,Broadway
7335567,Broadway
9563458,Broadway
7875887,Broadway
3394837,Broadway
4464795,Broadway
6927016,Broadway
699596,Broadway
6387576,Broadway
8828781,Broadway
1198884,Broadway
9546508,Broadway
2386589,Broadway
9924107,Broadway
3386862,Broadway
9280767,Broadway
1520533,Broadway
9651755,Broadway
82763,Broadway
9880665,Broadway
1762354,Broadway
2836237,Broadway
5204475,Broadway
8741711,Broadway
3819831,Broadway
8267620,Broadway
7087957,Broadway
1520549,Broadway
9094872,Broadway
9414303,Broadway
26116,Broadway
7874053,Broadway
6452801,Broadway
8340841,Broadway
9635943,Broadway
8046691,Broadway
9078843,Broadway
8799909,Broadway
387079,Broadway
8292326,Broadway
10339144,Broadway
5563136,Broadway
6079216,Broadway
8955477,Broadway
6424859,Broadway
7651702,Broadway
6210952,Broadway
9281758,Broadway
2875975,Broadway
7275027,Broadway
4318709,Broadway
6939106,Broadway
2727938,Broadway
7695195,Broadway
6445741,Broadway
7381005,Broadway
8724134,Broadway
4023177,Loyal Heights
1589681,Loyal Heights
8524349,Loyal Heights
9429399,Loyal Heights
7089415,Loyal Heights
8033438,Loyal Heights
6836330,Loyal Heights
975179,Loyal Heights
1956094,Loyal Heights
9619737,Loyal Heights
9463729,Loyal Heights
8866331,Loyal Heights
5457260,Loyal Heights
8594406,Loyal Heights
8484705,Loyal Heights
7714585,Loyal Heights
218741,Loyal Heights
8551871,Loyal Heights
8567933,Loyal Heights
7934963,Loyal Heights
6481764,Loyal Heights
8426827,Loyal Heights
7771531,Loyal Heights
37234,Loyal Heights
2060441,Loyal Heights
2158992,Loyal Heights
8608414,Loyal Heights
5619397,Loyal Heights
4144767,Loyal Heights
1301535,Loyal Heights
3882930,Loyal Heights
9186481,Loyal Heights
5364244,Loyal Heights
4127196,Loyal Heights
30712,Loyal Heights
5632713,Loyal Heights
2396734,Loyal Heights
4616634,Loyal Heights
1175308,Loyal Heights
3157738,Loyal Heights
8866927,Loyal Heights
3657819,Loyal Heights
8212190,Loyal Heights
9030406,Loyal Heights
6884820,Loyal Heights
6821407,Loyal Heights
9563749,Loyal Heights
6474341,Loyal Heights
7038750,Loyal Heights
7824929,Loyal Heights
2277640,Loyal Heights
5620306,Loyal Heights
9693971,Victory Heights
4739190,Victory Heights
5219336,Victory Heights
2298775,Victory Heights
7455706,Victory Heights
1142039,Victory Heights
3563218,Victory Heights
7789264,Victory Heights
6935953,Victory Heights
3441402,Victory Heights
921571,Victory Heights
5205984,Victory Heights
5352741,Victory Heights
1461971,Victory Heights
6690388,Victory Heights
1190571,Matthews Beach
231097,Matthews Beach
149489,Matthews Beach
3703121,Matthews Beach
3004007,Matthews Beach
3870937,Matthews Beach
3242247,Matthews Beach
6350606,Matthews Beach
8131762,Matthews Beach
9345786,Matthews Beach
6741526,Matthews Beach
6101613,Matthews Beach
1190224,Matthews Beach
8704931,Matthews Beach
9591718,Matthews Beach
9432497,Matthews Beach
7931111,Matthews Beach
5031357,Matthews Beach
6603376,Matthews Beach
3861673,Whittier Heights
461234,Whittier Heights
3510818,Whittier Heights
6245498,Whittier Heights
6557018,Whittier Heights
170469,Whittier Heights
7873789,Whittier Heights
6691873,Whittier Heights
7638689,Whittier Heights
5968862,Whittier Heights
260613,Whittier Heights
4718820,Whittier Heights
6897639,Whittier Heights
1023693,Whittier Heights
4438871,Whittier Heights
4438160,Whittier Heights
7870538,Whittier Heights
6153532,Whittier Heights
488268,Whittier Heights
6375415,Whittier Heights
4429898,Whittier Heights
5991139,Whittier Heights
6130287,Whittier Heights
1623894,Whittier Heights
6453383,Whittier Heights
25002,Whittier Heights
5183164,Meadowbrook
10235136,Meadowbrook
2352218,Meadowbrook
5695344,Meadowbrook
5403847,Meadowbrook
1187735,Meadowbrook
8976178,Meadowbrook
8717068,Meadowbrook
9717757,Meadowbrook
3308825,Industrial District
8921924,Olympic Hills
2260626,Olympic Hills
7635496,Olympic Hills
8086294,Olympic Hills
1097766,Olympic Hills
4950847,Olympic Hills
670056,Olympic Hills
7069080,Olympic Hills
4701146,Olympic Hills
670021,Olympic Hills
6813623,Olympic Hills
3208667,Olympic Hills
10332096,Olympic Hills
4951079,Olympic Hills
9233533,Olympic Hills
6782993,Olympic Hills
8340819,Roosevelt
4024844,Roosevelt
5397134,Roosevelt
8061699,Roosevelt
2934389,Roosevelt
9316009,Roosevelt
6652199,Roosevelt
7948034,Roosevelt
4291,Roosevelt
7018009,Roosevelt
7661577,Roosevelt
7418814,Roosevelt
4825073,Roosevelt
9961388,Roosevelt
8923774,Roosevelt
7405128,Roosevelt
8953255,Roosevelt
9410302,Roosevelt
8559462,Roosevelt
9901852,Roosevelt
1145941,Roosevelt
7802149,Roosevelt
3561108,Roosevelt
5310503,Roosevelt
4820795,Roosevelt
4664312,Roosevelt
2804399,Roosevelt
9733835,Roosevelt
9888395,Roosevelt
7201336,Roosevelt
4180905,Lower Queen Anne
6603061,Lower Queen Anne
8606766,Lower Queen Anne
5163047,Lower Queen Anne
8578023,Lower Queen Anne
9939038,Lower Queen Anne
9061048,Lower Queen Anne
7603457,Lower Queen Anne
5639238,Lower Queen Anne
5362889,Lower Queen Anne
7203408,Lower Queen Anne
7885859,Lower Queen Anne
10141859,Lower Queen Anne
7762347,Lower Queen Anne
544433,Lower Queen Anne
9410128,Lower Queen Anne
6276224,Lower Queen Anne
5252515,Lower Queen Anne
1622794,Lower Queen Anne
9171373,Lower Queen Anne
8423118,Lower Queen Anne
6248083,Lower Queen Anne
7932696,Lower Queen Anne
3215404,Lower Queen Anne
9522082,Lower Queen Anne
3040278,Lower Queen Anne
9939740,Lower Queen Anne
1071843,Lower Queen Anne
4973204,Lower Queen Anne
6584984,Lower Queen Anne
9118240,Lower Queen Anne
6971260,Lower Queen Anne
3738724,Lower Queen Anne
945833,Lower Queen Anne
5261239,Lower Queen Anne
4596493,Lower Queen Anne
4310055,Lower Queen Anne
3720429,Lower Queen Anne
6956301,Lower Queen Anne
6750430,Lower Queen Anne
8373664,Lower Queen Anne
6783394,Lower Queen Anne
9332620,Lower Queen Anne
6727846,Lower Queen Anne
1321090,Lower Queen Anne
10170744,Lower Queen Anne
8503720,Lower Queen Anne
6780670,Lower Queen Anne
9370738,Lower Queen Anne
1060467,Lower Queen Anne
9516743,Lower Queen Anne
6240501,Lower Queen Anne
8150145,Lower Queen Anne
8967776,Lower Queen Anne
10000273,Lower Queen Anne
9679301,Lower Queen Anne
8690491,Lower Queen Anne
7678064,Lower Queen Anne
7798575,Lower Queen Anne
4988679,Lower Queen Anne
6093756,Lower Queen Anne
7921289,Lower Queen Anne
10108451,Lower Queen Anne
8117705,Lower Queen Anne
4324917,Lower Queen Anne
5061566,Lower Queen Anne
8575663,Lower Queen Anne
8518308,Lower Queen Anne
3562617,Lower Queen Anne
7109735,Lower Queen Anne
8501721,Lower Queen Anne
5306727,Lower Queen Anne
909102,Lower Queen Anne
8608525,Lower Queen Anne
170273,Lower Queen Anne
7075913,Lower Queen Anne
481220,Lower Queen Anne
6961346,Lower Queen Anne
9975073,Lower Queen Anne
6517594,Lower Queen Anne
10170577,Lower Queen Anne
7680670,Lower Queen Anne
5946675,Lower Queen Anne
7162664,Lower Queen Anne
6901218,Lower Queen Anne
4951430,Lower Queen Anne
7202016,Lower Queen Anne
5538663,Lower Queen Anne
363064,Lower Queen Anne
7809595,Lower Queen Anne
9094836,Lower Queen Anne
3039438,Lower Queen Anne
8847979,Lower Queen Anne
4047399,Lower Queen Anne
66611,Wedgwood
7279669,Wedgwood
9716348,Wedgwood
9887142,Wedgwood
7007118,Wedgwood
5325809,Wedgwood
6342327,Wedgwood
555182,Wedgwood
6729818,Wedgwood
66540,Wedgwood
8098383,Wedgwood
5930473,Wedgwood
47491,Wedgwood
447523,Wedgwood
3961077,Wedgwood
52525,Wedgwood
6811792,Wedgwood
7619727,Wedgwood
270370,North Beach/Blue Ridge
7221204,North Beach/Blue Ridge
6495424,North Beach/Blue Ridge
2737038,North Beach/Blue Ridge
9034515,North Beach/Blue Ridge
8147215,North Beach/Blue Ridge
6376952,North Beach/Blue Ridge
10319529,North Beach/Blue Ridge
3613516,North Beach/Blue Ridge
8780704,North Beach/Blue Ridge
9714078,North Beach/Blue Ridge
1593991,North Beach/Blue Ridge
6239108,North Beach/Blue Ridge
2303981,North Beach/Blue Ridge
5104077,Cedar Park
7434103,Cedar Park
8233110,Cedar Park
6438099,Cedar Park
7650458,Cedar Park
7219541,Cedar Park
4092037,Cedar Park
475361,Cedar Park
6327662,Bitter Lake
9679741,Bitter Lake
2630912,Bitter Lake
6629657,Bitter Lake
1340668,Bitter Lake
8474584,Bitter Lake
9460991,Bitter Lake
7066118,Bitter Lake
4681885,Bitter Lake
9154462,Bitter Lake
3689416,Bitter Lake
3263722,Bitter Lake
5309974,Bitter Lake
1793138,Sunset Hill
8371720,Sunset Hill
8310249,Sunset Hill
8310398,Sunset Hill
158345,Sunset Hill
173896,Sunset Hill
6759038,Sunset Hill
9138923,Sunset Hill
6018416,Sunset Hill
1777158,Sunset Hill
5364414,Sunset Hill
1856253,Sunset Hill
6994406,Sunset Hill
1488166,Sunset Hill
463768,Sunset Hill
4334804,Sunset Hill
9331145,Sunset Hill
7389248,Sunset Hill
1022135,Haller Lake
1219691,Haller Lake
7969698,Haller Lake
7403174,Haller Lake
7368599,Haller Lake
1692318,Haller Lake
5950957,Haller Lake
315120,Haller Lake
3925572,Haller Lake
5308339,Haller Lake
8426749,Haller Lake
107962,Haller Lake
9220485,Haller Lake
8446541,Haller Lake
9675736,Haller Lake
7534812,Pinehurst
7839723,Pinehurst
3209964,Pinehurst
5607404,Pinehurst
6103108,North College Park
9938792,North College Park
1851863,North College Park
8130015,North College Park
8957312,North College Park
2426152,North College Park
7826447,North College Park
9595087,North College Park
8524565,North College Park
1561256,North College Park
2686624,North College Park
2897897,North College Park
7748349,North College Park
704477,North College Park
8411627,North College Park
7559939,North College Park
8870139,North College Park
7198282,North College Park
7441508,North College Park
5882923,Phinney Ridge
6445769,Phinney Ridge
3959460,Phinney Ridge
7974112,Phinney Ridge
320704,Phinney Ridge
3250577,Phinney Ridge
8053049,Phinney Ridge
7349099,Phinney Ridge
5022572,Phinney Ridge
10191917,Phinney Ridge
5123904,Phinney Ridge
2471731,Phinney Ridge
7803176,Phinney Ridge
4318814,Phinney Ridge
4187961,Phinney Ridge
7161897,Phinney Ridge
8611952,Phinney Ridge
5805907,Phinney Ridge
5433597,Phinney Ridge
7968548,Phinney Ridge
4638785,Phinney Ridge
4104442,Phinney Ridge
3883041,Phinney Ridge
8441477,Phinney Ridge
6119785,Phinney Ridge
103466,Phinney Ridge
8168876,Phinney Ridge
2557712,Phinney Ridge
3238295,Phinney Ridge
4784639,Phinney Ridge
4403171,Phinney Ridge
1133329,Phinney Ridge
2723368,Phinney Ridge
7420762,Phinney Ridge
4947002,Phinney Ridge
3209633,Phinney Ridge
4395502,Phinney Ridge
6992387,Phinney Ridge
9068419,Phinney Ridge
5029665,Phinney Ridge
9229043,Phinney Ridge
4084398,Phinney Ridge
6577729,Phinney Ridge
9199082,Phinney Ridge
7970663,Phinney Ridge
2858482,Phinney Ridge
9715029,Phinney Ridge
7748866,Phinney Ridge
9739482,Phinney Ridge
5078129,Phinney Ridge
2808357,Phinney Ridge
6543677,Phinney Ridge
202251,Phinney Ridge
8402434,Phinney Ridge
6438518,Phinney Ridge
5444457,Phinney Ridge
7574864,Phinney Ridge
2969955,Phinney Ridge
9473312,Phinney Ridge
254340,Phinney Ridge
496074,Phinney Ridge
9217337,Phinney Ridge
4130102,Phinney Ridge
1256892,Phinney Ridge
9348375,Phinney Ridge
4598160,Phinney Ridge
6127974,Phinney Ridge
748526,Phinney Ridge
3908378,Phinney Ridge
2868006,Phinney Ridge
5683646,Phinney Ridge
2762241,Phinney Ridge
4760181,Phinney Ridge
4287974,Windermere
48848,Windermere
9999759,Windermere
3774113,Windermere
8227710,Windermere
23919,Windermere
7698721,Windermere
7872818,Windermere
8289871,Windermere
1737244,Windermere
1429904,Laurelhurst
9074837,Laurelhurst
4278896,Laurelhurst
4016079,Laurelhurst
7389950,Laurelhurst
3529563,Laurelhurst
8612922,Laurelhurst
7564942,Laurelhurst
5228066,Laurelhurst
8150045,Laurelhurst
3413183,Southeast Magnolia
3123041,Southeast Magnolia
2492143,Southeast Magnolia
6714652,Southeast Magnolia
6678058,Southeast Magnolia
1696194,Southeast Magnolia
9352778,Southeast Magnolia
2720963,Southeast Magnolia
6591879,Southeast Magnolia
10023353,Southeast Magnolia
8207987,Southeast Magnolia
3971346,Southeast Magnolia
3382533,Southeast Magnolia
8943821,Southeast Magnolia
4485424,Southeast Magnolia
7227464,Southeast Magnolia
2958318,Southeast Magnolia
4066344,High Point
8012443,High Point
8094338,High Point
5096363,High Point
1980283,High Point
2761092,High Point
4163204,High Point
1145148,High Point
7039427,High Point
7527242,High Point
8286095,High Point
9238818,High Point
3025456,High Point
6888107,High Point
3242605,Seaview
6118198,Seaview
189156,Seaview
6990677,Seaview
8194886,Seaview
8645226,Seaview
859467,Seaview
9096972,Seaview
1246117,Seaview
7665415,Seaview
8583457,Seaview
146301,Seaview
677266,Georgetown
9419,Georgetown
1950012,Georgetown
9508837,Georgetown
226677,Georgetown
7256122,Georgetown
6765354,Georgetown
3303376,Georgetown
10060388,South Park
8570596,South Park
4589654,South Park
7843145,Roxhill
8194164,Roxhill
4252591,Highland Park
6810430,Highland Park
902609,Highland Park
696004,Highland Park
4824581,Highland Park
72743,Highland Park
6019762,Highland Park
6133684,Highland Park
4182732,Highland Park
6479027,Highland Park
2508065,Highland Park
8089781,Madison Park
7692789,Madison Park
8136553,Madison Park
1042022,Madison Park
8863714,Madison Park
4557204,Madison Park
6644760,Madison Park
8764748,Madison Park
9342299,Madison Park
4464542,Madison Park
3817141,Madison Park
2103939,Madison Park
8387068,Madison Park
5249067,Madison Park
7620570,Madison Park
6993726,Madison Park
9463491,Madison Park
6908161,Stevens
9169270,Stevens
7940358,Stevens
4632923,Stevens
2764126,Stevens
4710866,Stevens
3994601,Stevens
7873208,Stevens
3811828,Stevens
7873345,Stevens
3811930,Stevens
2670365,Stevens
4225225,Stevens
5728135,Stevens
1818768,Stevens
8689375,Stevens
9509695,Stevens
9156273,Stevens
6185083,Stevens
5738982,Stevens
8969737,Stevens
2500188,Stevens
3416590,Stevens
6074312,Stevens
9696950,Stevens
9920856,Stevens
2268329,Stevens
8868025,Stevens
1049293,Stevens
4401544,Stevens
7275464,Stevens
7823973,Stevens
8507873,Stevens
8131881,Stevens
6592178,Stevens
825574,Stevens
194313,Stevens
5470943,Stevens
1547337,Stevens
3932674,Stevens
3811955,Stevens
6911511,Stevens
5040885,Stevens
1633025,Stevens
7492006,Stevens
7368959,Stevens
6934128,Stevens
8409695,Stevens
7050204,Stevens
8926188,Stevens
5297143,Stevens
6228211,Stevens
1815677,Stevens
4388148,Stevens
1432713,Stevens
4454264,Stevens
5164194,Stevens
6066570,Stevens
1880734,Stevens
7127036,Stevens
10248139,Stevens
1974131,Stevens
8306581,Stevens
6627184,Stevens
2211594,Stevens
8613792,Stevens
2367298,Stevens
7871885,Stevens
7025898,Stevens
722537,Stevens
9435279,Stevens
10135468,Stevens
2882641,Stevens
7805332,Stevens
7584142,Stevens
1307898,Stevens
9435483,Stevens
3446274,Stevens
3041619,Stevens
10139271,Stevens
47196,Stevens
8296857,Stevens
8845144,Stevens
5969069,Stevens
9368677,Stevens
6837338,Stevens
6865696,Stevens
6591894,Stevens
3773784,Stevens
10318171,Stevens
3666970,Stevens
3994634,Stevens
8090541,Stevens
7222136,Stevens
299817,Stevens
5927083,Stevens
6066185,Stevens
5685908,Stevens
9023202,Stevens
707424,Stevens
7151093,Stevens
8924032,Stevens
1002835,Stevens
8670484,Stevens
9727246,Stevens
2526405,Stevens
4710869,Stevens
3504521,Stevens
6637899,Stevens
3811872,Stevens
3720731,Stevens
3926008,Stevens
9863565,Stevens
7824426,Stevens
2778101,Stevens
10019082,Stevens
6586979,Stevens
9618016,Stevens
442487,Stevens
8457402,Broadview
2297917,Broadview
1920477,Broadview
7860837,Broadview
5304739,Broadview
8051134,Broadview
1557314,Broadview
451012,Broadview
6797786,Broadview
2474569,Broadview
689309,Broadview
5059981,Broadview
3986793,Broadview
1594313,Broadview
4936647,Broadview
1594219,Broadview
8799588,Broadview
7662775,Fremont
490076,Fremont
9217030,Fremont
7756839,Fremont
116221,Fremont
6921373,Fremont
7743727,Fremont
649243,Fremont
2989758,Fremont
4518474,Fremont
1796302,Fremont
53803,Fremont
6867053,Fremont
9693230,Fremont
6750264,Fremont
6392029,Fremont
2731253,Fremont
5625964,Fremont
38545,Fremont
8699046,Fremont
9174327,Fremont
6169489,Fremont
9511777,Fremont
3489837,Fremont
5905958,Fremont
3768742,Fremont
1593939,Fremont
6087451,Fremont
6179956,Fremont
10060674,Fremont
9822848,Fremont
2391699,Fremont
1118153,Fremont
1100686,Fremont
9925458,Fremont
1146966,Fremont
2525172,Fremont
8463726,Fremont
51826,Fremont
7805491,Fremont
7701014,Fremont
1279660,Fremont
5252877,Fremont
935845,Fremont
3844087,Fremont
6923948,Fremont
7178239,Fremont
2075094,Fremont
5892185,Fremont
7596455,Fremont
9513636,Fremont
5992032,Fremont
3534444,Fremont
8080939,Fremont
5525073,Fremont
5402304,Fremont
6288141,Fremont
1781723,Fremont
2061463,Fremont
4871348,Fremont
7616031,Fremont
7761509,Fremont
6516775,Fremont
5848330,Fremont
9189391,Fremont
9533803,Fremont
5902452,Fremont
219532,Fremont
7217102,Fremont
2727808,Fremont
7151417,Fremont
7069143,Fremont
8683011,Fremont
4357979,Fremont
8118110,Fremont
5766989,Fremont
8306501,Fremont
4349344,Fremont
8633733,Fremont
7396707,Fremont
394408,Fremont
8412143,Fremont
5728739,Fremont
3931571,Fremont
3899160,Fremont
8428825,Fremont
3554558,Fremont
3931346,Fremont
4250749,Fremont
6290509,Fremont
2693700,Fremont
7857241,Fremont
8009814,Fremont
3963320,Fremont
6289789,Fremont
1513847,Fremont
6183721,Fremont
5061411,Fremont
3594959,Fremont
637710,Fremont
8968494,Fremont
1702092,Fremont
5781547,Fremont
7821351,Fremont
6937071,Fremont
3258386,Fremont
6592421,Fremont
3143175,Fremont
4322622,Fremont
9262389,Fremont
6043482,Fremont
8632651,Fremont
6107901,Fremont
4993710,Fremont
7853498,Fremont
430609,Fremont
7646637,Fremont
1069562,Fremont
119103,Fremont
8687967,Fremont
282934,Fremont
5787922,Fremont
8081658,Fremont
3898413,Fremont
7009282,Fremont
9196007,Fremont
4100009,Fremont
4738971,Fremont
692671,Fremont
5893969,Fremont
215954,Fremont
2494157,Fremont
7745196,Fremont
4645405,Fremont
2755730,Fremont
7949448,Fremont
9288840,Fremont
3312406,Fremont
6621924,Fremont
5673552,Fremont
609701,Fremont
10118341,Fremont
2614387,Fremont
7735100,Fremont
5482204,Fremont
4524575,Fremont
8562314,Fremont
9698202,Fremont
7178490,Fremont
8054902,Fremont
5458027,Fremont
4940491,Fremont
1844791,Fremont
6120046,Fremont
262764,Fremont
8578490,Fremont
3383329,Fremont
8101950,Fremont
8902327,NO MATCH: sumting wong has happen
10267360,NO MATCH: sumting wong has happen
9604740,NO MATCH: sumting wong has happen
10208623,NO MATCH: sumting wong has happen
4892700,Belltown
3665414,Broadway
3067057,Lower Queen Anne
4888709,Belltown
5608272,First Hill
4752447,Broadway
4495596,Belltown
4796383,Belltown
3490649,Broadway
6658113,Phinney Ridge
3668014,First Hill
3636351,North College Park
6661541,Mid-Beacon Hill
3829926,Brighton
3353721,Mount Baker
614347,South Beacon Hill
5851659,Brighton
6334245,Seward Park
6327780,Brighton
2730208,Rainier Beach
3043151,Rainier Beach
6863176,Columbia City
1069300,Mount Baker
6078959,Columbia City
1097026,Seward Park
4400811,Mount Baker
6103744,Mount Baker
3354244,Columbia City
5686162,Mid-Beacon Hill
5240893,Minor
1186271,Minor
5240802,Minor
5287760,Minor
5194319,Minor
1508607,Mann
3133408,Broadway
2285262,First Hill
1696648,Broadway
2299257,Broadway
2547825,Broadway
137644,Mount Baker
6278566,Minor
2986317,Broadway
6888942,Madrona
2614294,Broadway
6935774,Broadway
6941835,International District
6934695,First Hill
6176933,First Hill
2756162,Broadway
791274,Mann
6900913,Broadway
4401683,Minor
5360328,International District
6692398,Mann
6623075,Mann
1313833,Broadway
6463935,Mann
1892640,Atlantic
2146185,Broadway
1546668,Broadway
4342891,Broadway
1898806,Atlantic
2909478,Broadway
4688267,Broadway
1434224,Mann
4271470,Stevens
6846578,Broadway
2830564,First Hill
3883563,Broadway
4418617,Broadway
3465357,Mann
6886273,Stevens
6453099,Yesler Terrace
4663749,Mann
6852960,Stevens
6763750,First Hill
5253287,Broadway
3674546,Minor
6544409,Leschi
6884552,First Hill
6927021,Mann
5631602,Minor
858248,Atlantic
6731127,Madrona
3783873,Stevens
6462365,Minor
5905263,Broadway
1467337,Broadway
4275992,Stevens
4986015,Broadway
5491168,Minor
5658596,Minor
1695306,Minor
6362630,Minor
5780003,Broadway
4729855,Madrona
4503535,Broadway
5514578,Broadway
5456914,Broadway
11163,Leschi
3818401,Minor
6084188,Broadway
3391831,Yesler Terrace
3008140,Broadway
6629548,International District
5593982,Broadway
3898773,Broadway
5535648,First Hill
5127766,Broadway
6435342,Stevens
11161,Leschi
6403158,First Hill
6873123,Mann
5153236,First Hill
5423787,Broadway
2336600,Broadway
6672533,Broadway
1593429,Broadway
686649,Stevens
4419318,Broadway
3068827,Broadway
776643,Mann
6439915,Stevens
1802067,Broadway
3441487,Minor
5698080,Stevens
4351067,Broadway
3258640,Minor
3727519,Broadway
5004411,Broadway
5328225,Broadway
3479039,Broadway
3859118,Broadway
4554020,Broadway
5932324,First Hill
6848043,Broadway
6786604,Interbay
6414696,Lawton Park
6704673,Interbay
1442904,Lawton Park
1034345,Loyal Heights
6787059,Interbay
4183077,Adams
6714501,Adams
4402979,Briarcliff
3813803,Adams
5747363,Southeast Magnolia
6765724,Sunset Hill
1817811,Fremont
1388743,Fremont
3732317,Fremont
6033433,Greenwood
5657947,Greenwood
4647463,Phinney Ridge
201429,North Queen Anne
5686404,Phinney Ridge
6240383,Fremont
6169978,Wallingford
4127381,Wallingford
4768225,Fremont
552523,Wallingford
2578855,Greenwood
1320606,Phinney Ridge
6837308,Fremont
1144370,Phinney Ridge
6373374,East Queen Anne
6680001,Fremont
3533325,Phinney Ridge
6043488,Wallingford
3677084,Green Lake
6289996,North College Park
4077415,North Queen Anne
6731420,Pike-Market
3523653,Pioneer Square
4191621,Central Business District
6478445,Pike-Market
4863335,Central Business District
4365389,Central Business District
5763226,Pike-Market
3351817,Pike-Market
4033797,Central Business District
637156,Pioneer Square
1084117,Pike-Market
5785382,Central Business District
2739168,Belltown
4836619,Belltown
4098695,Belltown
5918741,Belltown
3333942,Belltown
4163408,Belltown
6838772,Belltown
6726462,Belltown
4038530,Belltown
3074725,Belltown
2996701,Belltown
6898008,Belltown
5919569,Belltown
6307463,Belltown
6584214,Belltown
6491904,Belltown
4722461,Belltown
3606047,Belltown
5783888,Belltown
4500531,Belltown
6924651,Lawton Park
5603785,North Queen Anne
3720310,West Woodland
2832055,North Queen Anne
5457686,Loyal Heights
6800715,North Queen Anne
6495391,Belltown
3185225,Belltown
6676621,Broadway
5903478,Central Business District
6799577,Central Business District
2290772,Central Business District
4128097,Central Business District
3559396,Bitter Lake
4113197,Bitter Lake
6234347,Fairmount Park
564428,Mount Baker
1236470,Lower Queen Anne
2926393,North Beacon Hill
2943811,West Queen Anne
6292489,East Queen Anne
4436353,Broadway
2140253,Alki
6958703,North Beacon Hill
6226804,North Beacon Hill
1360824,Lower Queen Anne
6938601,Westlake
1980280,Broadway
1225822,East Queen Anne
6866562,University District
1067357,North Delridge
4568677,South Park
6761492,University District
4597421,University District
5538484,Wallingford
4304454,Matthews Beach
5175000,University District
2454814,Broadway
1714753,Greenwood
4891577,Eastlake
6075783,Lower Queen Anne
6403031,Eastlake
458055,Fauntleroy
5643228,Wedgwood
6144312,Mid-Beacon Hill
1001139,Maple Leaf
4540816,North Delridge
3182884,Columbia City
3646357,North Beacon Hill
5760050,East Queen Anne
3963352,Maple Leaf
4219153,Wallingford
2160065,East Queen Anne
4297534,East Queen Anne
201634,Eastlake
4066595,Maple Leaf
5577903,Broadway
6730803,East Queen Anne
936158,Westlake
3061653,Lower Queen Anne
2362694,Lower Queen Anne
1030781,Westlake
423945,East Queen Anne
6305314,East Queen Anne
4946781,Lower Queen Anne
6830223,Eastlake
6146025,Lower Queen Anne
3391736,East Queen Anne
3653930,Lower Queen Anne
934235,Eastlake
2047197,Lower Queen Anne
3031209,Lower Queen Anne
6824729,South Lake Union
1164438,South Lake Union
4758042,Broadway
3790420,South Lake Union
3851082,East Queen Anne
5824987,East Queen Anne
6287276,East Queen Anne
5757708,Westlake
5727341,Westlake
1255787,Phinney Ridge
4938126,Ravenna
499301,Ravenna
4633033,University District
6957270,University District
1365882,University District
747388,Ravenna
3273014,University District
6046312,University District
6045361,University District
6462176,Eastlake
6779896,University District
1130659,Roosevelt
3383567,Eastlake
620518,Ravenna
5146419,University District
1125116,Bryant
4295451,Eastlake
3138278,Laurelhurst
4352184,University District
2847177,University District
4796797,University District
635878,University District
6035005,University District
4165554,University District
1484595,University District
5798152,University District
3775207,University District
1922061,Wallingford
6862499,Portage Bay
192628,University District
6660395,University District
1589931,University District
3688337,Wallingford
2642739,Bryant
6759343,Roosevelt
3739341,University District
4659710,Wallingford
6613636,Roosevelt
6613723,Roosevelt
6146977,University District
5335791,Pioneer Square
4105049,Seaview
1574120,Fairmount Park
5654314,North Admiral
6578095,High Point
5355100,North Admiral
2361523,High Point
2686004,North Admiral
3827398,North Admiral
9909,Fairmount Park
5381310,North Admiral
2062857,High Point
46008,Fairmount Park
6426003,North Beacon Hill
3850240,Columbia City
5204694,Mount Baker
5478677,Whittier Heights
4978928,Crown Hill
3542076,Sunset Hill
4868812,Phinney Ridge
5641280,Greenwood
794604,Whittier Heights
5774942,Mid-Beacon Hill
6732406,Cedar Park
4304605,Cedar Park
1810477,Maple Leaf
6388869,NO MATCH: sumting wong has happen
1034741,NO MATCH: sumting wong has happen
6914120,Holly Park
6660097,Georgetown
6182860,Mid-Beacon Hill
6974175,Alki
6835473,Alki
6843693,North Admiral
4173147,Alki
6704239,Stevens
4875639,Central Business District
4310085,North Queen Anne
3783060,Lower Queen Anne
6727420,West Queen Anne
3493752,Fremont
3560373,North Queen Anne
6364316,North Queen Anne
4586876,North Queen Anne
3922578,North Queen Anne
2836869,Lower Queen Anne
1510996,North Queen Anne
3695321,West Woodland
459560,West Woodland
2305367,Fremont
4393577,West Woodland
6201320,North Beacon Hill
3833325,Alki
5966429,Belltown
6447215,Belltown
3534187,Broadway
6278127,University District
4241012,First Hill
4174473,Broadway
6852821,University District
3654695,Stevens
5013094,Greenwood
5548856,Broadway
6767616,Bryant
4308641,Cedar Park
2166740,High Point
3999027,Fremont
1055838,Mid-Beacon Hill
5730482,Mid-Beacon Hill
3554676,Seward Park
3534428,Holly Park
5721061,Mid-Beacon Hill
5957814,Brighton
1955300,Columbia City
5415110,Mount Baker
6328073,Columbia City
2503021,Holly Park
4575853,Minor
4997187,Yesler Terrace
1660771,Mann
5716972,Mann
1551325,Minor
2771290,Broadway
3469590,Mann
4526421,Minor
3551526,Madrona
6423037,Broadway
3654621,Broadway
5630068,Broadway
6854732,Broadway
722602,Minor
3781827,Minor
5927750,First Hill
6784997,Mann
6869475,Mann
5038164,Broadway
1898774,Atlantic
6446062,Harrison/Denny-Blaine
4688137,Broadway
5850789,Broadway
5874841,Broadway
585465,Broadway
2117568,Broadway
3147867,Leschi
4891955,Minor
6575839,International District
2764473,Broadway
3933846,Atlantic
6260884,Mann
6869436,Broadway
6913508,Broadway
3962961,Broadway
4215714,Mann
138666,Leschi
5604024,Broadway
4796081,Broadway
4198216,First Hill
5803823,Stevens
6074049,First Hill
6116207,Stevens
2361967,First Hill
1092793,Yesler Terrace
1323510,Broadway
4085664,Broadway
3677515,Broadway
4311275,First Hill
5760860,Minor
695699,Broadway
5217979,Minor
6263153,Madrona
1320997,Minor
3542107,Mann
4405139,Broadway
555838,Minor
6762256,Broadway
6506751,Broadway
3836405,Broadway
4145694,Broadway
1438468,Broadway
1688601,Stevens
3812957,Broadway
4800848,Minor
6182371,Broadway
6306420,Broadway
1301812,Broadway
1441678,Broadway
726582,Broadway
850286,Broadway
4892357,Madrona
729753,Leschi
1974575,Broadway
3344390,Stevens
775445,Broadway
4556937,Broadway
6314486,Minor
645061,Minor
5003070,Broadway
5883680,Minor
3571159,Lawton Park
3202181,Interbay
3570061,Lawton Park
340734,Southeast Magnolia
2986305,Adams
4853548,Adams
4829464,Southeast Magnolia
3818827,Adams
3612774,Interbay
3367488,Southeast Magnolia
6830228,Lawton Park
356817,Interbay
4082895,Briarcliff
3971250,Fremont
222885,Phinney Ridge
6910619,Wallingford
225820,Phinney Ridge
3722201,Wallingford
6491320,Green Lake
5571759,Greenwood
1115621,Wallingford
6188494,Fremont
6315453,North College Park
2760312,Fremont
6729669,Fremont
668095,North Queen Anne
3331575,Phinney Ridge
1479944,East Queen Anne
864850,Fremont
5851896,Wallingford
3489150,Fremont
6365330,Wallingford
4343419,North Queen Anne
4738191,Fremont
4517529,Fremont
2391455,Greenwood
3601923,Green Lake
1628210,Phinney Ridge
6554299,North Queen Anne
4304893,Fremont
4660260,Wallingford
4250850,Wallingford
1456848,East Queen Anne
3411548,Green Lake
6222790,Fremont
5977363,Wallingford
3505829,Wallingford
3361327,Green Lake
6389721,Greenwood
6445939,Pike-Market
4352105,Pioneer Square
6642402,Central Business District
6012735,Lower Queen Anne
6598354,Central Business District
490110,Pike-Market
6378592,Central Business District
2203359,Pioneer Square
4730525,Pike-Market
2191159,Central Business District
2191161,Central Business District
4802178,Pioneer Square
2187615,Pike-Market
1200231,Central Business District
4863479,Belltown
6385885,Belltown
4432113,Belltown
1516213,Belltown
6462182,Belltown
5492587,Belltown
6386399,Belltown
6486807,Belltown
3811220,Belltown
3924792,Belltown
2372524,Belltown
6881345,Belltown
6278078,Belltown
6784336,Belltown
5523863,Belltown
6677571,Belltown
5061612,South Lake Union
2119866,Belltown
5591534,North Queen Anne
1360238,West Woodland
3559961,North Queen Anne
4183530,Phinney Ridge
5544181,North Queen Anne
4966379,West Woodland
6141724,West Queen Anne
3317944,West Queen Anne
1049039,Broadway
2291123,Central Business District
2290987,Central Business District
1692342,Bitter Lake
6128257,Greenwood
5825985,Greenwood
5650702,Greenwood
564220,Mount Baker
6202014,University District
4997916,Roosevelt
1236583,Lower Queen Anne
3730624,North Beacon Hill
1601475,South Lake Union
4204969,Eastlake
6643589,East Queen Anne
5980730,Ravenna
1236994,Lower Queen Anne
5695243,Mid-Beacon Hill
1950480,North Queen Anne
656997,Bryant
80543,Riverview
6044185,North Delridge
6642062,Lower Queen Anne
3924649,Maple Leaf
5282068,Mid-Beacon Hill
1922122,Wallingford
3033190,West Queen Anne
879113,Wedgwood
6767445,Haller Lake
1722573,Westlake
5971354,Ravenna
5670798,East Queen Anne
2084386,Ravenna
5457915,Bryant
3384995,North Delridge
873728,View Ridge
4669117,Mid-Beacon Hill
4949899,Phinney Ridge
6576650,Lower Queen Anne
3729211,East Queen Anne
6135413,East Queen Anne
5047883,Eastlake
3928844,East Queen Anne
1910368,East Queen Anne
1030546,South Lake Union
6958026,South Lake Union
1743306,Eastlake
6304299,East Queen Anne
4942217,Lower Queen Anne
5442907,South Lake Union
4074954,Lower Queen Anne
6886529,East Queen Anne
4793097,East Queen Anne
3105259,Lower Queen Anne
6727231,Eastlake
3030205,East Queen Anne
4555274,Lower Queen Anne
6676993,East Queen Anne
6438875,East Queen Anne
3049224,Laurelhurst
6436458,Green Lake
5802986,Roosevelt
6165819,Bryant
3625969,Ravenna
6888073,Eastlake
6437571,University District
6723099,View Ridge
1388585,Roosevelt
6015972,Wallingford
2118253,Ravenna
3022308,University District
5851320,University District
5883409,University District
6172149,University District
1248437,Laurelhurst
1589732,University District
1785541,University District
81085,University District
1265651,University District
2183890,Roosevelt
1125133,University District
1647216,University District
1603124,University District
6020633,University District
1606320,University District
6613806,Roosevelt
6358529,Portage Bay
6881869,Portage Bay
2358140,University District
3333819,University District
6973570,Pike-Market
6586480,Gatewood
765698,Genesee
5364580,North Delridge
3340727,High Point
568525,North Admiral
3555721,North Delridge
687626,Fairmount Park
1746616,North Beacon Hill
3679177,Columbia City
6941238,Mount Baker
4531036,Mount Baker
4365589,North Beacon Hill
5037874,Loyal Heights
5762575,Loyal Heights
513344,Phinney Ridge
5736761,West Woodland
1233473,Whittier Heights
5781237,Madison Park
1239834,Wedgwood
5318962,Madison Park
5297405,Madison Park
710370,Madison Park
2772152,Madison Park
5050923,Maple Leaf
6597728,Maple Leaf
334579,Olympic Hills
3372502,Matthews Beach
381263,Arbor Heights
6360198,NO MATCH: sumting wong has happen
3154950,NO MATCH: sumting wong has happen
3003255,Broadway
1252642,Broadway
5372181,North Admiral
5299087,North Admiral
255073,Stevens
6903500,Montlake
1499538,East Queen Anne
6985530,Broadway
6627050,Lower Queen Anne
6700856,Lower Queen Anne
1422036,West Queen Anne
3550964,Lower Queen Anne
2803605,North Queen Anne
5821872,Lower Queen Anne
69662,North Queen Anne
2934119,West Woodland
738005,West Woodland
4758999,West Woodland
